id,card_number,venue,venue_label,position,difficulty,success_condition,text,success_text,char_count,tier,print_position,family_safe,timed,duration_seconds,flags
"P01-CL-1",1,"comedy_lounge","Comedy Lounge",1,1,"vote","Tell a joke about the person to your left. Must have a setup and a punchline. Does not have to be good.","At least half the table laughs, groans, or boos appreciatively.",103,"core",1,true,false,,""
"P01-CL-2",1,"comedy_lounge","Comedy Lounge",2,2,"vote","Tell a knock-knock joke — made up on the spot. No classics. No ""interrupting cow.""","Punchline lands — groan, laugh, or eye-roll accepted. Silence is a fail.",82,"core",2,true,false,,""
"P01-CL-3",1,"comedy_lounge","Comedy Lounge",3,2,"vote","Deliver this setup deadpan, pause three seconds, then give your punchline: ""I told my family I wanted to be a comedian for Christmas...""","Majority decides if the punchline was worth the wait.",136,"expansion",,true,false,,"EXPANSION"
"P01-CL-4",1,"comedy_lounge","Comedy Lounge",4,3,"vote","Roast the player to your right in exactly three sentences. Must be affectionate. Third sentence must be a compliment disguised as an insult.","The roasted player casts the deciding vote.",140,"core",3,true,false,,""
"P01-TC-1",1,"the_club","The Club",1,1,"objective","Sing ""Happy Birthday"" — replace ""Happy Birthday"" with ""Merry Christmas"" and the name with the player to your left. Full song.","All four lines delivered without stopping. Key irrelevant.",125,"core",1,true,false,,""
"P01-TC-2",1,"the_club","The Club",2,2,"objective","Improvise a four-line rhyming poem about what's on the Christmas table right now. Lines 1 & 3 rhyme. Lines 2 & 4 rhyme. 30 seconds to compose, then perform.","Four lines delivered, two rhyme pairs land. Near-rhymes accepted.",156,"core",2,true,false,,""
"P01-TC-3",1,"the_club","The Club",3,2,"objective","Someone names any Australian animal. Sing a jingle — at least three lines — advertising that animal as a Christmas gift. Your choice of tune.","Three lines completed, tune maintained, animal mentioned at least twice.",141,"expansion",,true,false,,"EXPANSION"
"P01-TC-4",1,"the_club","The Club",4,3,"objective","Player to your left gives you a word. Perform an improvised rap — at least six lines — ending with a rhyme on that word. No pause longer than three seconds.","Six lines delivered, final rhyme lands, no stop longer than three seconds.",156,"core",3,true,false,,""
"P01-RS-1",1,"royal_show","The Royal Show",1,1,"objective","Mime unwrapping a Christmas present. The gift inside is the most disappointing thing imaginable. React accordingly. 20 seconds.","Table identifies both the unwrapping and the disappointment without being told. No words.",127,"core",1,true,true,20,""
"P01-RS-2",1,"royal_show","The Royal Show",2,2,"objective","Perform a 15-second acceptance speech for ""Best Performer at the Royal Show"" — mime holding a trophy the entire time, getting progressively heavier.","Trophy mime maintained throughout, weight progression visible.",148,"core",2,true,true,15,""
"P01-RS-3",1,"royal_show","The Royal Show",3,2,"named_judge","Mime a galah who has just been told it cannot have a cracker. No words, no sounds.","Named judge confirms emotion and animal are both readable.",82,"expansion",,true,false,,"EXPANSION COND-OVERRIDE"
"P01-RS-4",1,"royal_show","The Royal Show",4,3,"objective","Mime a 30-second sideshow spruiker's pitch for the most useless product you can think of. Demonstrate the product, show its key feature, indicate the price. No words. No sounds.","Table identifies the product and at least one feature without being told.",177,"core",3,true,true,30,""
"P01-SP-1",1,"school_play","The School Play",1,1,"named_judge","Deliver this line in the most dramatic accent you can manage — announce your accent first: ""I'm afraid the turkey is going to be at least another forty-five minutes.""","Named judge confirms accent is recognisable and drama is committed.",166,"core",1,true,false,,""
"P01-SP-2",1,"school_play","The School Play",2,2,"named_judge","Perform a 20-second scene: you are a first-time actor who has just forgotten all their lines at the school play. Stay in character. Scene ends when you ""remember"" your line and deliver it.","Named judge confirms character held and ending landed.",188,"core",2,true,true,20,""
"P01-SP-3",1,"school_play","The School Play",3,2,"named_judge","Player to your right gives you an emotion. Player to your left gives you a location. Deliver this line combining both — one attempt only: ""I can't believe it's come to this.""","Named judge confirms both emotion and location are readable.",174,"expansion",,true,false,,"EXPANSION"
"P01-SP-4",1,"school_play","The School Play",4,3,"named_judge","Perform a 30-second scene: you are an extremely pretentious theatre director giving notes to the table after watching their ""performance."" Give specific feedback to at least two players by name.","Named judge confirms pretension is sustained and two players were addressed.",194,"core",3,true,true,30,""
"P02-CL-1",2,"comedy_lounge","Comedy Lounge",1,1,"vote","Point at any player. Tell a one-liner about their outfit right now. Must have a punchline.","The targeted player confirms it landed — laugh, groan, or eye-roll counts.",90,"core",1,true,false,,""
"P02-CL-2",2,"comedy_lounge","Comedy Lounge",2,2,"vote","Choose any player. Do a one-minute stand-up bit as if they are the subject — their habits, their quirks, their Christmas behaviour. Keep it warm.","The targeted player must be recognisable. Majority decides.",145,"core",2,true,true,60,""
"P02-CL-3",2,"comedy_lounge","Comedy Lounge",3,2,"vote","Tell a two-sentence joke that begins: ""The thing about [player to your right] is..."" Setup in sentence one, punchline in sentence two.","Majority decides if the punchline landed.",134,"expansion",,true,false,,"EXPANSION"
"P02-CL-4",2,"comedy_lounge","Comedy Lounge",4,3,"vote","Deliver a full 45-second comedy eulogy for the player to your left — as if they have just retired from Christmas dinners forever. Affectionate. At least two specific ""memories.""","The eulogised player casts the deciding vote.",177,"core",3,false,true,45,""
"P02-TC-1",2,"the_club","The Club",1,1,"objective","Sing the first verse of ""We Wish You a Merry Christmas"" — but replace ""we"" with the name of the player to your right throughout.","Full verse completed, name substituted correctly every time.",128,"core",1,true,false,,""
"P02-TC-2",2,"the_club","The Club",2,2,"objective","Player to your left hums any tune. You must sing four lines of improvised lyrics over it. Any topic.","Four lines delivered over the tune without stopping.",100,"core",2,true,false,,""
"P02-TC-3",2,"the_club","The Club",3,2,"objective","Compose and perform a four-line birthday song for any player at the table — even if it's not their birthday. Must include their name and one specific true fact about them.","Name used, fact included, four lines completed.",171,"expansion",,true,false,,"EXPANSION"
"P02-TC-4",2,"the_club","The Club",4,3,"vote","Perform a 30-second musical argument — sung, not spoken — with the player to your right. You start. They may respond. You must resolve it in harmony.","Majority decides if the argument was musical and the resolution landed.",149,"core",3,true,true,30,"COND-OVERRIDE"
"P02-RS-1",2,"royal_show","The Royal Show",1,1,"objective","Mime taking a photo of the player to your left as if they are the most fascinating thing you have ever seen. 15 seconds.","Camera action and fascination both readable without words.",120,"core",1,true,true,15,""
"P02-RS-2",2,"royal_show","The Royal Show",2,2,"objective","Mime teaching the player to your right how to do something they obviously already know how to do — very slowly and very condescendingly. 20 seconds. No words.","Activity and condescension both readable.",158,"core",2,true,true,20,""
"P02-RS-3",2,"royal_show","The Royal Show",3,2,"named_judge","Mime a talent show audition in which you are desperately trying to impress the player to your left, who is the judge. 20 seconds. No words.","The judge confirms they felt the desperation.",139,"expansion",,true,true,20,"EXPANSION COND-OVERRIDE"
"P02-RS-4",2,"royal_show","The Royal Show",4,3,"objective","Mime an entire argument — with a full beginning, escalation, and resolution — directed at the player across from you. No words, no sounds. 30 seconds.","Table identifies the argument, escalation, and resolution without being told.",150,"core",3,true,true,30,""
"P02-SP-1",2,"school_play","The School Play",1,1,"named_judge","Deliver this line to the player to your left, in a dramatic accent of your choice: ""I always knew it would come to this between us.""","Named judge confirms accent held and drama committed.",132,"core",1,true,false,,""
"P02-SP-2",2,"school_play","The School Play",2,2,"named_judge","Player to your right gives you one word. Deliver a 20-second dramatic monologue to the player to your left using that word as the theme. Stay in character throughout.","Named judge confirms monologue and character both held.",166,"core",2,true,true,20,""
"P02-SP-3",2,"school_play","The School Play",3,2,"named_judge","Perform a 20-second scene in which you are meeting the player to your right for the very first time — but you are absolutely certain you have met before. They may respond.","Named judge confirms commitment to the mistaken identity.",171,"expansion",,true,true,20,"EXPANSION"
"P02-SP-4",2,"school_play","The School Play",4,3,"named_judge","Perform a 40-second farewell speech to the player across from you — in character as a Shakespearean villain who has just lost everything. Name them at least twice.","Named judge confirms character, commitment, and both name uses.",163,"core",3,false,true,40,""
"P03-CL-1",3,"comedy_lounge","Comedy Lounge",1,1,"vote","Tell a Christmas cracker joke — but it must be one you have made up right now. Not a real one. Not a good one. Just yours.","Groan, laugh, or pained silence all count. Blank stares do not.",122,"core",1,true,false,,""
"P03-CL-2",3,"comedy_lounge","Comedy Lounge",2,2,"vote","Go around the table. Each player gives you one word. Use all of them in a single joke. Setup and punchline. You have 30 seconds to compose, then deliver.","All words used. Punchline attempted. Majority decides.",153,"core",2,true,false,,""
"P03-CL-3",3,"comedy_lounge","Comedy Lounge",3,2,"vote","Deliver a 30-second stand-up bit about this specific Christmas dinner — what's on the table, who's here, what's already gone wrong. At least two observations.","Two recognisable observations land. Majority decides.",158,"expansion",,true,true,30,"EXPANSION"
"P03-CL-4",3,"comedy_lounge","Comedy Lounge",4,3,"vote","Perform a 45-second crowd work set. Address at least three players by name with a specific observation about each. No prepared material — everything must be about this table, right now.","Three players addressed, three observations recognisable. Majority decides.",185,"core",3,true,true,45,""
"P03-TC-1",3,"the_club","The Club",1,1,"objective","Lead the whole table in one verse of ""Jingle Bells."" You conduct. Everyone sings.","Full verse completed with the table. You must conduct throughout.",81,"core",1,true,false,,""
"P03-TC-2",3,"the_club","The Club",2,2,"objective","Compose and perform a four-line rhyming toast to the table. Must mention Christmas, must end with something to drink to. 30 seconds to compose.","Four lines, rhyme pairs land, toast delivered.",143,"core",2,true,false,,""
"P03-TC-3",3,"the_club","The Club",3,2,"objective","Perform a 20-second jingle advertising this exact gathering — who's here, what you're eating, why it's unmissable. Your choice of tune.","Gathering described, tune maintained, 20 seconds reached.",135,"expansion",,true,true,20,"EXPANSION"
"P03-TC-4",3,"the_club","The Club",4,3,"vote","Teach the table a round — at least two parts — of any song, real or invented. Table must be able to join in. 60 seconds total including teaching time.","At least half the table joins in. Majority decides if it worked.",150,"core",3,true,true,60,"COND-OVERRIDE"
"P03-RS-1",3,"royal_show","The Royal Show",1,1,"objective","Mime that you have just discovered something extraordinary under the table. React. Show the table what it is without words. 15 seconds.","Table identifies the discovery and the reaction without being told.",135,"core",1,true,true,15,""
"P03-RS-2",3,"royal_show","The Royal Show",2,2,"objective","Mime a sideshow game that the whole table can play simultaneously — set it up, demonstrate it, invite them in. No words. 20 seconds.","Game is identifiable, invitation is clear, majority attempt to play.",132,"core",2,true,true,20,""
"P03-RS-3",3,"royal_show","The Royal Show",3,2,"objective","Mime conducting the table as an orchestra. Each player is a different instrument — assign them silently. 20 seconds.","Each player receives an instrument assignment. Conducting is sustained.",116,"expansion",,true,true,20,"EXPANSION"
"P03-RS-4",3,"royal_show","The Royal Show",4,3,"objective","Perform a 30-second mime in which you are a TV chef presenting this exact Christmas meal to a live studio audience — the table. No words. React to their responses.","Meal, chef character, and audience interaction all readable.",163,"core",3,true,true,30,""
"P03-SP-1",3,"school_play","The School Play",1,1,"named_judge","Deliver this line to the whole table as if making a major announcement at a school assembly: ""I have something very important to tell you all."" Then pause. Then improvise the announcement.","Named judge confirms announcement was committed and delivered in character.",188,"core",1,true,false,,""
"P03-SP-2",3,"school_play","The School Play",2,2,"named_judge","Perform a 20-second scene: you are the narrator of a nature documentary, and the table is the wildlife. Describe what you observe. At least two players must be mentioned.","Named judge confirms narrator character held and two players described.",170,"core",2,true,true,20,""
"P03-SP-3",3,"school_play","The School Play",3,2,"named_judge","Player to your left names an emotion. Deliver the following line to the whole table expressing that emotion completely: ""Right. Who's ready for dessert?"" One attempt only.","Named judge confirms emotion is readable and commitment is total.",171,"expansion",,true,false,,"EXPANSION"
"P03-SP-4",3,"school_play","The School Play",4,3,"named_judge","Perform a 40-second scene: you are a motivational speaker addressing the table at a corporate retreat. This Christmas dinner is the team-building exercise. At least three players must be addressed by name.","Named judge confirms character, commitment, and three name uses.",205,"core",3,true,true,40,""
"P04-CL-1",4,"comedy_lounge","Comedy Lounge",1,1,"vote","Tell a joke with a deliberately terrible pun as the punchline. Announce the pun proudly. Own it completely.","Majority confirms the pun was truly terrible and fully committed to.",107,"core",1,true,false,,""
"P04-CL-2",4,"comedy_lounge","Comedy Lounge",2,2,"vote","Set up a joke. Deliver the setup. Then give the wrong punchline — deliberately. Then give the right one. The wrong punchline must be funnier than the right one.","Majority decides if the wrong punchline was funnier.",160,"core",2,true,false,,""
"P04-CL-3",4,"comedy_lounge","Comedy Lounge",3,2,"vote","Tell a joke so slowly that the table thinks you have forgotten it. You have not forgotten it. Maintain total confidence throughout. Deliver the punchline at your own pace.","Majority decides if the slow delivery made it funnier or just uncomfortable.",171,"expansion",,true,false,,"EXPANSION"
"P04-CL-4",4,"comedy_lounge","Comedy Lounge",4,3,"vote","Perform a 30-second ""anti-joke"" — set up a classic joke structure, then give a completely literal, humourless answer. Then explain, earnestly, why it is actually funny.","Majority decides if the commitment to the bit landed.",168,"core",3,true,true,30,""
"P04-TC-1",4,"the_club","The Club",1,1,"objective","Sing any Christmas song — but swap every noun for the word ""cracker.""","At least one full verse completed, every noun replaced.",69,"core",1,true,false,,""
"P04-TC-2",4,"the_club","The Club",2,2,"objective","Perform a four-line rhyme in which every line ends with a word that almost rhymes but doesn't quite. Commit fully to the near-rhymes.","Four lines completed, near-rhymes confirmed as near but not exact.",133,"core",2,true,false,,""
"P04-TC-3",4,"the_club","The Club",3,2,"objective","Perform a jingle for a product that does not exist — but make it sound completely plausible. At least three lines. Your choice of tune.","Product described, jingle completed, tune maintained.",135,"expansion",,true,false,,"EXPANSION"
"P04-TC-4",4,"the_club","The Club",4,3,"vote","Perform a 30-second song in which you gradually reveal, line by line, an increasingly unlikely Christmas confession. Must build to a finale.","Majority decides if the build and reveal landed.",140,"core",3,true,true,30,"COND-OVERRIDE"
"P04-RS-1",4,"royal_show","The Royal Show",1,1,"objective","Mime performing a magic trick — set it up, perform it, react to the result. The trick must go wrong. 15 seconds.","Setup, attempt, and failure all readable. No words.",112,"core",1,true,true,15,""
"P04-RS-2",4,"royal_show","The Royal Show",2,2,"objective","Mime attempting to pick a pocket — from someone sitting across the table, without them noticing — very badly. 20 seconds. No words.","Attempt and failure both readable. Target confirms they ""didn't notice.""",131,"core",2,true,true,20,""
"P04-RS-3",4,"royal_show","The Royal Show",3,2,"named_judge","Mime that you have something hidden under the table — build the anticipation — then reveal it. React to the table's reaction. No words. 20 seconds.","Named judge confirms anticipation built and reveal committed.",147,"expansion",,true,true,20,"EXPANSION COND-OVERRIDE"
"P04-RS-4",4,"royal_show","The Royal Show",4,3,"objective","Perform a 30-second mime of a sideshow escape act — you are tied up, you escape, you take a bow. Must include a moment where it looks like you won't make it. No words, no sounds.","Table identifies setup, near-failure moment, escape, and bow.",178,"core",3,true,true,30,""
"P04-SP-1",4,"school_play","The School Play",1,1,"named_judge","Deliver this line completely straight, as if it is the most normal thing in the world: ""I've been living under the table for three weeks and nobody noticed.""","Named judge confirms straight delivery — no smiling, no irony.",157,"core",1,true,false,,""
"P04-SP-2",4,"school_play","The School Play",2,2,"named_judge","Perform a 20-second scene: you are an actor in a play who knows they are in a play and keeps breaking the fourth wall — but the character doesn't.","Named judge confirms both layers — character and meta-awareness — are readable.",146,"core",2,true,true,20,""
"P04-SP-3",4,"school_play","The School Play",3,2,"named_judge","Deliver a 20-second confession — in a dramatic accent — for something minor that happened at this dinner tonight. Treat it as a major crime.","Named judge confirms accent held and gravity committed.",140,"expansion",,true,true,20,"EXPANSION"
"P04-SP-4",4,"school_play","The School Play",4,3,"named_judge","Perform a 40-second scene: you are a stage magician's assistant who is tired of being sawn in half and has decided to make a stand. Mid-performance. In front of a packed house.","Named judge confirms character, situation, and emotional commitment all held.",176,"core",3,true,true,40,""
"P05-CL-1",5,"comedy_lounge","Comedy Lounge",1,1,"vote","Tell a joke about a Christmas tradition you personally find ridiculous. Must have a punchline.","Majority confirms the punchline landed and the tradition is recognisable.",94,"core",1,true,false,,""
"P05-CL-2",5,"comedy_lounge","Comedy Lounge",2,2,"vote","Deliver a 20-second stand-up bit defending one genuinely terrible Christmas food as if it is a national treasure. Absolute conviction required.","Majority confirms conviction was total and argument was at least half-believable.",143,"core",2,true,true,20,""
"P05-CL-3",5,"comedy_lounge","Comedy Lounge",3,2,"vote","Tell a joke about Santa Claus that has never been told before. You have 20 seconds to compose it.","Majority confirms it is not a known joke. Punchline must land.",97,"expansion",,true,false,,"EXPANSION"
"P05-CL-4",5,"comedy_lounge","Comedy Lounge",4,3,"vote","Perform a 45-second stand-up bit about the specific horrors of Christmas shopping. Must include a specific product, a specific shop, and a punchline that lands on the last line.","Product and shop named, punchline on the last line, majority decides.",177,"core",3,true,true,45,""
"P05-TC-1",5,"the_club","The Club",1,1,"objective","Sing ""Rudolph the Red-Nosed Reindeer"" — but Rudolph has been replaced by an Australian animal of the table's choosing. Substitute the animal's name throughout.","Full verse completed, animal substituted correctly every time.",159,"core",1,true,false,,""
"P05-TC-2",5,"the_club","The Club",2,2,"objective","Improvise a four-line carol about the worst possible Christmas present. Lines 1 & 3 rhyme. Lines 2 & 4 rhyme. 30 seconds to compose.","Four lines completed, rhyme pairs land, present is genuinely terrible.",132,"core",2,true,false,,""
"P05-TC-3",5,"the_club","The Club",3,2,"objective","Perform a 20-second jingle for Christmas crackers — as if they are a new product that has never existed before and you are selling them for the first time.","Jingle completed, product described, 20 seconds reached.",155,"expansion",,true,true,20,"EXPANSION"
"P05-TC-4",5,"the_club","The Club",4,3,"objective","Perform a 30-second Christmas rap. Must include: one family member, one food on the table, one complaint about the weather, and a closing rhyme. No pause longer than three seconds.","All four elements included, final rhyme lands, no long pauses.",180,"core",3,true,true,30,""
"P05-RS-1",5,"royal_show","The Royal Show",1,1,"objective","Mime pulling a Christmas cracker with someone who is pulling too hard. Mime the snap, the contents flying out, the paper crown. 15 seconds.","All three stages readable without words.",139,"core",1,true,true,15,""
"P05-RS-2",5,"royal_show","The Royal Show",2,2,"objective","Mime assembling a piece of flat-pack furniture on Christmas morning — instructions in hand, confidence eroding progressively. 20 seconds. No words.","Assembly attempt, confusion, and eroding confidence all readable.",147,"core",2,true,true,20,""
"P05-RS-3",5,"royal_show","The Royal Show",3,2,"named_judge","Mime being a Christmas turkey who has just realised what day it is. 20 seconds. No words, no sounds.","Named judge confirms the realisation moment is clear and committed.",100,"expansion",,true,true,20,"EXPANSION COND-OVERRIDE"
"P05-RS-4",5,"royal_show","The Royal Show",4,3,"objective","Mime a 30-second scene in which you are Santa Claus, stuck in a chimney, attempting to free yourself with dignity intact before the family wakes up. No words, no sounds.","Situation, struggle, dignity, and resolution all readable.",169,"core",3,true,true,30,""
"P05-SP-1",5,"school_play","The School Play",1,1,"named_judge","Deliver this line in a strong Australian accent, as if it is the most devastating news you have ever received: ""They've sold out of prawns.""","Named judge confirms accent and devastation both committed.",140,"core",1,true,false,,""
"P05-SP-2",5,"school_play","The School Play",2,2,"named_judge","Perform a 20-second scene: you are the Ghost of Christmas Present, and this dinner table is your evidence. Present your case.","Named judge confirms character held and case presented.",125,"core",2,true,true,20,""
"P05-SP-3",5,"school_play","The School Play",3,2,"named_judge","Perform a 20-second scene: you are a very small child on Christmas morning who has just found out that Santa is not real. This is the scene.","Named judge confirms age, emotion, and moment are all readable.",140,"expansion",,true,true,20,"EXPANSION"
"P05-SP-4",5,"school_play","The School Play",4,3,"named_judge","Perform a 40-second dramatic reading of a Christmas cracker joke — as if it is Hamlet's soliloquy. Minimum two costume adjustments using items on the table.","Named judge confirms Shakespearean gravity maintained and two adjustments made.",156,"core",3,true,true,40,""
"P06-CL-1",6,"comedy_lounge","Comedy Lounge",1,1,"vote","Tell a two-sentence story about something that definitely did not happen to you this year. Must have a beginning and an end. Must be funny.","Majority confirms two sentences, ending, and at least a smile.",139,"core",1,true,false,,""
"P06-CL-2",6,"comedy_lounge","Comedy Lounge",2,2,"vote","Tell a 20-second story that begins: ""So this one time at a Christmas party..."" It must escalate. It must end badly for someone.","Escalation confirmed, ending confirmed, majority decides if it landed.",127,"core",2,true,true,20,""
"P06-CL-3",6,"comedy_lounge","Comedy Lounge",3,2,"vote","Tell a joke in the style of a long, rambling story that seems to be going nowhere — and then arrives at a punchline so precise the table can't believe it. 30 seconds maximum.","Majority decides if the punchline justified the journey.",174,"expansion",,true,true,30,"EXPANSION"
"P06-CL-4",6,"comedy_lounge","Comedy Lounge",4,3,"vote","Perform a 45-second comedic TED Talk on a topic of your choice. Must have a title, a thesis, and a call to action. Deadpan delivery required.","Title stated, thesis argued, call to action delivered, majority decides.",141,"core",3,false,true,45,""
"P06-TC-1",6,"the_club","The Club",1,1,"objective","Sing a four-line ballad about something that went wrong today. Any tune. Must end on a high note — literally.","Four lines, today referenced, high note attempted on final line.",109,"core",1,true,false,,""
"P06-TC-2",6,"the_club","The Club",2,2,"objective","Perform a sea shanty — at least four lines — about the journey to this Christmas dinner. Include one hardship.","Four lines, journey referenced, hardship included, shanty rhythm maintained.",110,"core",2,true,false,,""
"P06-TC-3",6,"the_club","The Club",3,2,"objective","Improvise a country song about a pet — real or imaginary — who ruined Christmas. Four lines minimum. Your choice of twang.","Four lines, pet named, ruin described, country affect maintained.",122,"expansion",,true,false,,"EXPANSION"
"P06-TC-4",6,"the_club","The Club",4,3,"vote","Perform a 30-second opera about something trivial that happened in the last hour. Sung throughout. Must include a dramatic death.","Event identifiable, death performed, sung throughout, majority decides.",129,"core",3,true,true,30,"COND-OVERRIDE"
"P06-RS-1",6,"royal_show","The Royal Show",1,1,"objective","Mime telling a story — with a beginning, middle, and end — entirely in gestures. 20 seconds. The story must have a twist.","Three stages and twist all readable. No words.",121,"core",1,true,true,20,""
"P06-RS-2",6,"royal_show","The Royal Show",2,2,"objective","Mime a person discovering they have superpowers for the first time — right here, at the Christmas table. 20 seconds. No words.","Discovery, power, and reaction all readable.",126,"core",2,true,true,20,""
"P06-RS-3",6,"royal_show","The Royal Show",3,2,"named_judge","Mime a silent film — hero, villain, chase, resolution — in 25 seconds. Must involve at least one item from the table.","Named judge confirms all four story elements and table item use.",117,"expansion",,true,true,25,"EXPANSION COND-OVERRIDE"
"P06-RS-4",6,"royal_show","The Royal Show",4,3,"objective","Perform a 35-second mime of a nature documentary moment — predator, prey, chase, outcome — at the Christmas table. You play all roles. No words, no sounds.","Predator, prey, chase, and outcome all readable. Roles are distinct.",155,"core",3,true,true,35,""
"P06-SP-1",6,"school_play","The School Play",1,1,"named_judge","Deliver this line as the opening of a dramatic story — then improvise the next sentence: ""Nobody expected it to end like this.""","Named judge confirms dramatic opening and second sentence committed.",127,"core",1,true,false,,""
"P06-SP-2",6,"school_play","The School Play",2,2,"named_judge","Perform a 20-second scene: you are a character in a soap opera who has just discovered a terrible secret about someone at this table. You cannot say what it is.","Named judge confirms secret-keeping, drama, and character held.",160,"core",2,true,true,20,""
"P06-SP-3",6,"school_play","The School Play",3,2,"named_judge","Player to your left gives you a genre (horror, romance, Western, etc.). Perform a 20-second scene from a film in that genre — set at this Christmas table.","Named judge confirms genre, setting, and character all committed.",154,"expansion",,true,true,20,"EXPANSION"
"P06-SP-4",6,"school_play","The School Play",4,3,"named_judge","Perform a 40-second dramatic monologue as the last surviving member of a civilisation explaining to future generations what Christmas dinner was. Treat it as sacred.","Named judge confirms gravity, detail, and character held throughout.",165,"core",3,false,true,40,""
"P07-CL-1",7,"comedy_lounge","Comedy Lounge",1,1,"vote","Do your best impression of any animal at the table — the characters on the game cards, not the players. One sentence in their voice.","Majority identifies the animal.",132,"core",1,true,false,,""
"P07-CL-2",7,"comedy_lounge","Comedy Lounge",2,2,"vote","Do an impression of any well-known Australian — politician, sportsperson, TV personality — telling a Christmas joke. Must be recognisable.","Majority identifies the person. Joke has a punchline.",138,"core",2,true,false,,""
"P07-CL-3",7,"comedy_lounge","Comedy Lounge",3,2,"vote","Deliver this line as three different people in quick succession — announce each one: ""Well. That could have gone better.""","Three distinct voices. Majority identifies at least two.",121,"expansion",,true,false,,"EXPANSION"
"P07-CL-4",7,"comedy_lounge","Comedy Lounge",4,3,"vote","Perform a 30-second stand-up set entirely in the voice of a well-known Australian you have not done before. Majority must identify them within the first 10 seconds or you restart.","Identified within 10 seconds. Set runs 30 seconds. Majority decides.",179,"core",3,true,true,30,""
"P07-TC-1",7,"the_club","The Club",1,1,"objective","Sing one verse of any song — in the singing style of any animal. Announce the animal first.","Full verse, animal style maintained throughout.",91,"core",1,true,false,,""
"P07-TC-2",7,"the_club","The Club",2,2,"objective","Sing ""Waltzing Matilda"" in the style of a genre that has never been used for it before. Announce the genre.","Full first verse, genre announced, style maintained.",107,"core",2,true,false,,""
"P07-TC-3",7,"the_club","The Club",3,2,"vote","Perform a four-line song in the voice of any well-known Australian, singing about their own fame. Must be recognisable.","Majority identifies the person. Four lines completed.",119,"expansion",,true,false,,"EXPANSION COND-OVERRIDE"
"P07-TC-4",7,"the_club","The Club",4,3,"objective","Perform a 30-second duet — alone. Two distinct voices, two distinct parts, at least one moment of harmony. Your choice of song.","Two voices distinct, both parts delivered, harmony attempted.",127,"core",3,true,true,30,""
"P07-RS-1",7,"royal_show","The Royal Show",1,1,"objective","Mime the physical mannerisms of any player at the table — without using their name or pointing at them. 15 seconds.","Majority identifies the player without prompting.",115,"core",1,true,true,15,""
"P07-RS-2",7,"royal_show","The Royal Show",2,2,"objective","Mime being a specific animal — not a human — attempting to sit at a Christmas dinner table and eat politely. 20 seconds.","Animal and the struggle for politeness both readable. No words.",120,"core",2,true,true,20,""
"P07-RS-3",7,"royal_show","The Royal Show",3,2,"named_judge","Mime the walk of three different people — announce each one — in 20 seconds.","Named judge confirms three distinct walks.",76,"expansion",,true,true,20,"EXPANSION COND-OVERRIDE"
"P07-RS-4",7,"royal_show","The Royal Show",4,3,"objective","Perform a 30-second physical transformation — mime changing from one animal into a completely different animal, mid-scene. The table must identify both animals without being told. No words, no sounds.","Both animals identified by majority. Transformation has a clear midpoint.",200,"core",3,true,true,30,""
"P07-SP-1",7,"school_play","The School Play",1,1,"named_judge","Deliver this line in the voice of someone much older than you: ""In my day, Christmas was very different.""","Named judge confirms age is readable and character committed.",105,"core",1,true,false,,""
"P07-SP-2",7,"school_play","The School Play",2,2,"named_judge","Perform a 20-second scene as any well-known Australian — in character — reacting to this Christmas dinner for the first time. Stay in character throughout.","Named judge identifies the person and confirms character held.",155,"core",2,true,true,20,""
"P07-SP-3",7,"school_play","The School Play",3,2,"named_judge","Player to your right names a famous person. Perform a 20-second scene as that person, in their accent, discovering they've been given a Christmas cracker.","Named judge confirms accent, character, and moment all committed.",154,"expansion",,true,true,20,"EXPANSION"
"P07-SP-4",7,"school_play","The School Play",4,3,"named_judge","Perform a 40-second scene as two characters in rapid alternation — you play both, switching every few lines. Characters must be clearly distinct in voice, physicality, and attitude.","Named judge confirms both characters distinct and switches clear.",181,"core",3,true,true,40,""
"P08-CL-1",8,"comedy_lounge","Comedy Lounge",1,1,"vote","Ask the table for a topic. Tell a joke about it. You have 20 seconds to think.","Punchline lands. Majority decides.",78,"core",1,true,false,,""
"P08-CL-2",8,"comedy_lounge","Comedy Lounge",2,2,"vote","Each player gives you one word. Tell a single joke that uses every word. You have 30 seconds to compose.","All words used. Punchline attempted. Majority decides.",104,"core",2,true,false,,""
"P08-CL-3",8,"comedy_lounge","Comedy Lounge",3,2,"vote","Player to your left gives you a punchline. You must construct the setup to make it work. 30 seconds to compose, then deliver.","Setup makes the punchline land. Majority decides.",125,"expansion",,true,false,,"EXPANSION"
"P08-CL-4",8,"comedy_lounge","Comedy Lounge",4,3,"vote","The table gives you: a person, a place, and a problem. Perform a 30-second stand-up bit incorporating all three. Punchline must land on the problem.","All three elements used. Problem is the punchline. Majority decides.",148,"core",3,true,true,30,""
"P08-TC-1",8,"the_club","The Club",1,1,"objective","Player to your right names a colour. Sing a four-line song about that colour. Any tune.","Colour mentioned at least twice. Four lines completed.",87,"core",1,true,false,,""
"P08-TC-2",8,"the_club","The Club",2,2,"objective","Each player shouts out one random word. Weave all of them into a four-line rhyming song. 30 seconds to compose.","All words used. Four lines. Rhyme pairs land.",111,"core",2,true,false,,""
"P08-TC-3",8,"the_club","The Club",3,2,"objective","Player to your left gives you a tune by humming it. You sing four lines of new, improvised lyrics over it.","Four lines delivered. Tune followed.",106,"expansion",,true,false,,"EXPANSION"
"P08-TC-4",8,"the_club","The Club",4,3,"objective","The table votes on a song. You perform it — but every noun is replaced with a noun shouted by the player to your right, live, as you sing. No stopping to negotiate.","Song performed, substitutions accepted in real time, no full stops.",164,"core",3,true,false,,""
"P08-RS-1",8,"royal_show","The Royal Show",1,1,"objective","Player to your right mimes an action. You copy it — but bigger. Then bigger again. 15 seconds total.","Original action readable. Two escalations visible.",100,"core",1,true,true,15,""
"P08-RS-2",8,"royal_show","The Royal Show",2,2,"objective","Player to your left gives you a prop — any object on the table. Mime a 20-second act using only that prop.","Prop used throughout. Act has a beginning and end. No words.",106,"core",2,true,true,20,""
"P08-RS-3",8,"royal_show","The Royal Show",3,2,"named_judge","The table nominates a volunteer. You mime directing that player through a task they cannot see you describing. 20 seconds. No words or sounds.","Named judge confirms task was communicated clearly.",142,"expansion",,true,true,20,"EXPANSION COND-OVERRIDE"
"P08-RS-4",8,"royal_show","The Royal Show",4,3,"objective","Each player mimes one movement — go around the table quickly. You must chain all movements into a 30-second continuous performance. No words.","All movements incorporated. Performance is continuous.",141,"core",3,true,true,30,""
"P08-SP-1",8,"school_play","The School Play",1,1,"named_judge","Player to your left gives you an emotion. Deliver this line with that emotion completely: ""Could someone pass the gravy?"" One attempt only.","Named judge confirms emotion readable and committed.",139,"core",1,true,false,,""
"P08-SP-2",8,"school_play","The School Play",2,2,"named_judge","Player to your right gives you an accent. Player to your left gives you an occupation. Perform a 20-second scene combining both.","Named judge confirms both accent and occupation readable.",128,"core",2,true,true,20,""
"P08-SP-3",8,"school_play","The School Play",3,2,"named_judge","The table gives you a setting, a character, and a line of dialogue. Perform a 20-second scene incorporating all three.","Named judge confirms all three elements used and character committed.",118,"expansion",,true,true,20,"EXPANSION"
"P08-SP-4",8,"school_play","The School Play",4,3,"named_judge","Each player gives you one instruction for how to perform — louder, slower, angrier, etc. Deliver this speech incorporating all instructions simultaneously: ""I would like to thank everyone for coming.""","Named judge confirms all instructions applied and speech completed.",200,"core",3,true,false,,""
"P09-CL-1",9,"comedy_lounge","Comedy Lounge",1,1,"objective","Tell three jokes in 30 seconds. They do not need to be good. They need to be three jokes.","Three setups and three punchlines delivered in 30 seconds.",89,"core",1,true,true,30,"COND-OVERRIDE"
"P09-CL-2",9,"comedy_lounge","Comedy Lounge",2,2,"vote","Tell a joke without using the words ""the,"" ""a,"" or ""and."" No pausing to self-correct.","Forbidden words not used. Punchline lands. Majority decides.",85,"core",2,true,false,,""
"P09-CL-3",9,"comedy_lounge","Comedy Lounge",3,2,"vote","Deliver a 20-second comedy bit speaking only in questions. Every sentence must be a question.","Every sentence is a question. Majority decides if it was funny.",93,"expansion",,true,true,20,"EXPANSION"
"P09-CL-4",9,"comedy_lounge","Comedy Lounge",4,3,"vote","Perform a 45-second stand-up set in which every sentence must make the table laugh or groan before you can say the next one. If two sentences pass in silence, you fail.","No two consecutive silent sentences. Majority decides on each.",168,"core",3,true,true,45,""
"P09-TC-1",9,"the_club","The Club",1,1,"objective","Sing as many Christmas song titles as you can in 20 seconds — to any tune — without repeating.","At least five titles. No repeats. Sung, not spoken.",94,"core",1,true,true,20,""
"P09-TC-2",9,"the_club","The Club",2,2,"objective","Improvise a four-line rhyming verse in under 20 seconds. No composing time — start immediately.","Four lines. Rhyme pairs land. Delivered in under 20 seconds.",95,"core",2,true,true,20,""
"P09-TC-3",9,"the_club","The Club",3,2,"objective","Sing any verse of any song — but every word must be replaced with the word ""cracker."" Tune maintained. No hesitation.","Full verse, ""cracker"" only, tune maintained, no stops.",117,"expansion",,true,false,,"EXPANSION"
"P09-TC-4",9,"the_club","The Club",4,3,"vote","Perform a 30-second song with no repeated words. Any song, any tune — but the moment you repeat a word, you fail.","Majority tracks repeated words. 30 seconds reached. Majority decides.",113,"core",3,true,true,30,"COND-OVERRIDE"
"P09-RS-1",9,"royal_show","The Royal Show",1,1,"objective","Mime five different emotions in 15 seconds — player to your left calls them out one at a time.","Five distinct expressions. Named judge confirms each is readable.",94,"core",1,true,true,15,""
"P09-RS-2",9,"royal_show","The Royal Show",2,2,"objective","Mime building something — anything — in 15 seconds. Table must identify it. No extra time.","Table identifies the object in under five seconds of viewing.",90,"core",2,true,true,15,""
"P09-RS-3",9,"royal_show","The Royal Show",3,2,"objective","Perform a 20-second mime in which you change your entire physicality — age, size, mood — every five seconds. Four distinct states. No words.","Four distinct states. Transitions visible. No overlap.",140,"expansion",,true,true,20,"EXPANSION"
"P09-RS-4",9,"royal_show","The Royal Show",4,3,"objective","Perform a complete story — setup, conflict, resolution — in mime, in 20 seconds. No words, no sounds. Table must identify all three stages without being told.","All three stages identified by majority.",158,"core",3,true,true,20,""
"P09-SP-1",9,"school_play","The School Play",1,1,"named_judge","Deliver this line in three completely different accents, back to back, no pausing: ""Merry Christmas, everyone.""","Named judge confirms three distinct accents, no pauses between.",111,"core",1,true,false,,""
"P09-SP-2",9,"school_play","The School Play",2,2,"named_judge","Perform a 20-second scene speaking only in one-word sentences. Every sentence: one word. No exceptions.","Named judge confirms one-word sentences throughout and scene committed.",103,"core",2,true,true,20,""
"P09-SP-3",9,"school_play","The School Play",3,2,"named_judge","Perform a 20-second dramatic monologue in which you must change emotion completely every five seconds. Four emotions, called by the table.","Named judge confirms four distinct emotions and four transitions.",138,"expansion",,true,true,20,"EXPANSION"
"P09-SP-4",9,"school_play","The School Play",4,3,"named_judge","Perform a 30-second scene that begins in whispers and ends in full theatrical volume — linear escalation, no jumps. Scene content: your choice.","Named judge confirms linear escalation and committed scene.",143,"core",3,true,true,30,""
"P10-CL-1",10,"comedy_lounge","Comedy Lounge",1,1,"vote","Tell a joke about something that has already happened at this table tonight. Must have a punchline.","Event recognisable. Punchline lands. Majority decides.",99,"core",1,true,false,,""
"P10-CL-2",10,"comedy_lounge","Comedy Lounge",2,2,"vote","Reference the worst performance at this table so far tonight — kindly — in a 20-second stand-up bit. Must end with a compliment.","Performance recognisable. Compliment lands. Majority decides.",128,"core",2,true,true,20,""
"P10-CL-3",10,"comedy_lounge","Comedy Lounge",3,2,"vote","Deliver a 20-second ""previously on"" recap of this game so far — in the voice of a dramatic TV narrator. At least three events referenced.","Three events confirmed by table. Drama committed. Majority decides.",137,"expansion",,true,true,20,"EXPANSION"
"P10-CL-4",10,"comedy_lounge","Comedy Lounge",4,3,"vote","Perform a 40-second roast of the current leader — the player with the most tokens. Reference at least two specific things they have done in this game. Affectionate. Ends with genuine encouragement.","Two game moments referenced, encouragement delivered, majority decides.",197,"core",3,false,true,40,""
"P10-TC-1",10,"the_club","The Club",1,1,"objective","Sing a four-line song about the first prompt anyone performed tonight. Must be recognisable as a reference.","First prompt identifiable from lyrics. Four lines completed.",107,"core",1,true,false,,""
"P10-TC-2",10,"the_club","The Club",2,2,"objective","Perform a four-line rhyming verse summarising the game so far — one line per round if possible. 30 seconds to compose.","Game events referenced, four lines, rhyme pairs land.",118,"core",2,true,false,,""
"P10-TC-3",10,"the_club","The Club",3,2,"objective","Perform a jingle about the best moment of the evening so far. Must name the player involved. 20 seconds.","Moment identifiable, player named, jingle completed.",104,"expansion",,true,true,20,"EXPANSION"
"P10-TC-4",10,"the_club","The Club",4,3,"vote","Perform a 30-second musical tribute to every player at the table — one line each, in order. Every line must rhyme with the previous.","Every player gets a line. Chain rhyme maintained. Majority decides.",132,"core",3,true,true,30,"COND-OVERRIDE"
"P10-RS-1",10,"royal_show","The Royal Show",1,1,"objective","Mime re-enacting the funniest moment of the game so far. 15 seconds.","Majority identifies the moment without being told.",68,"core",1,true,true,15,""
"P10-RS-2",10,"royal_show","The Royal Show",2,2,"objective","Mime re-enacting the worst performance of the game so far — affectionately. 20 seconds. No words.","Majority identifies the performance. Affection readable.",97,"core",2,true,true,20,""
"P10-RS-3",10,"royal_show","The Royal Show",3,2,"named_judge","Mime a highlight reel — three moments from the game, back to back, five seconds each. No words.","Named judge confirms three distinct moments and transitions.",95,"expansion",,true,true,15,"EXPANSION COND-OVERRIDE"
"P10-RS-4",10,"royal_show","The Royal Show",4,3,"objective","Mime a slow-motion replay of the most dramatic moment of the game — with commentary from the table calling out what they're seeing. 30 seconds. No words from you.","Table provides commentary. Moment identifiable. 30 seconds reached.",162,"core",3,true,true,30,""
"P10-SP-1",10,"school_play","The School Play",1,1,"named_judge","Deliver this line as a callback to the first thing anyone said in this game: ""And that, ladies and gentlemen, is where it all began.""","Named judge confirms callback is genuine and delivery committed.",133,"core",1,true,false,,""
"P10-SP-2",10,"school_play","The School Play",2,2,"named_judge","Perform a 20-second scene: you are a documentarian interviewing the table about the events of tonight's game. At least two players asked a question.","Named judge confirms documentarian character and two questions.",148,"core",2,true,true,20,""
"P10-SP-3",10,"school_play","The School Play",3,2,"named_judge","Perform a 20-second ""director's commentary"" on the best performance of the game so far — what worked, what didn't, what it meant. Stay in character as a pompous critic.","Named judge confirms pomposity held and performance identified.",168,"expansion",,true,true,20,"EXPANSION"
"P10-SP-4",10,"school_play","The School Play",4,3,"named_judge","Perform a 40-second dramatic courtroom scene in which you prosecute the player to your left for their worst performance tonight. Call one witness. Evidence must be specific.","Named judge confirms case built, witness called, evidence specific.",173,"core",3,true,true,40,""
"P11-CL-1",11,"comedy_lounge","Comedy Lounge",1,1,"vote","Pick up any object on the table. Tell a joke where that object is the punchline.","Object used in punchline. Majority confirms it landed.",80,"core",1,true,false,,""
"P11-CL-2",11,"comedy_lounge","Comedy Lounge",2,2,"vote","Hold up any object from the table. Deliver a 20-second infomercial for it as if it is the greatest invention of the century. Absolute conviction.","Object held throughout. Conviction maintained. Majority decides.",145,"core",2,true,true,20,""
"P11-CL-3",11,"comedy_lounge","Comedy Lounge",3,2,"vote","Pick any object from the table. It is now evidence in a criminal trial. Deliver a 20-second closing argument.","Object is evidence. Argument is constructed. Majority decides.",109,"expansion",,true,true,20,"EXPANSION"
"P11-CL-4",11,"comedy_lounge","Comedy Lounge",4,3,"vote","Pick any two objects from the table. Perform a 30-second stand-up bit in which these objects are the protagonist and antagonist of a story. Name them. Give them voices.","Both objects have names and voices. Story has conflict. Majority decides.",168,"core",3,true,true,30,""
"P11-TC-1",11,"the_club","The Club",1,1,"objective","Pick up any object from the table. Sing a four-line love song to it. Any tune.","Object addressed directly. Four lines. Romantic intent clear.",78,"core",1,true,false,,""
"P11-TC-2",11,"the_club","The Club",2,2,"objective","Choose any object from the table. Perform a four-line rhyming eulogy for it as if it has just died.","Object named. Four lines. Rhyme pairs land. Gravity maintained.",99,"core",2,true,false,,""
"P11-TC-3",11,"the_club","The Club",3,2,"objective","Pick any object from the table. Perform a four-line jingle revealing its dark secret. Must scan and rhyme.","Object named, secret implied, rhyme pairs land, jingle completed.",106,"expansion",,true,false,,"EXPANSION"
"P11-TC-4",11,"the_club","The Club",4,3,"vote","Pick any three objects from the table. Perform a 30-second song in which each object gets its own verse. Objects must be addressed by name.","Three verses. Three objects named. Song structure maintained. Majority decides.",139,"core",3,true,true,30,"COND-OVERRIDE"
"P11-RS-1",11,"royal_show","The Royal Show",1,1,"objective","Pick up any object from the table. Mime using it for something it was not designed to do. 15 seconds.","Alternative use readable. No words.",101,"core",1,true,true,15,""
"P11-RS-2",11,"royal_show","The Royal Show",2,2,"objective","Pick any object from the table. Mime it as a dangerous weapon — with appropriate caution and respect. 20 seconds. No words.","Weapon and caution both readable.",123,"core",2,true,true,20,""
"P11-RS-3",11,"royal_show","The Royal Show",3,2,"named_judge","Pick any object from the table. Perform a 20-second mime in which this object is alive and trying to escape. No words, no sounds.","Named judge confirms object's aliveness and escape attempt are readable.",129,"expansion",,true,true,20,"EXPANSION COND-OVERRIDE"
"P11-RS-4",11,"royal_show","The Royal Show",4,3,"objective","Pick any two objects from the table. Perform a 30-second mime in which they are in a relationship that has just ended. No words, no sounds.","Both objects, relationship, and ending all readable without prompting.",139,"core",3,true,true,30,""
"P11-SP-1",11,"school_play","The School Play",1,1,"named_judge","Pick up any object from the table. Deliver this line to it, in character: ""I never thought it would come to this between us.""","Named judge confirms object addressed directly and emotion committed.",125,"core",1,true,false,,""
"P11-SP-2",11,"school_play","The School Play",2,2,"named_judge","Choose any object from the table. Perform a 20-second scene in which this object is a character with feelings, and you must deliver bad news to it.","Named judge confirms object's character and bad news scene committed.",147,"core",2,true,true,20,""
"P11-SP-3",11,"school_play","The School Play",3,2,"named_judge","Pick any object. It is a sacred artefact. Perform a 20-second scene in which you are an archaeologist discovering it for the first time.","Named judge confirms discovery, reverence, and character all committed.",136,"expansion",,true,true,20,"EXPANSION"
"P11-SP-4",11,"school_play","The School Play",4,3,"named_judge","Pick any two objects. Cast them as the leads in a 40-second dramatic scene — give each a name, a voice, and a conflict. Perform all roles.","Named judge confirms distinct names, voices, and conflict for both objects.",138,"core",3,true,true,40,""
"P12-CL-1",12,"comedy_lounge","Comedy Lounge",1,1,"vote","Tell a joke — but deliver the setup with complete devastation and the punchline with pure joy. Whiplash required.","Emotional contrast readable. Punchline lands. Majority decides.",113,"core",1,true,false,,""
"P12-CL-2",12,"comedy_lounge","Comedy Lounge",2,2,"vote","Deliver a 20-second apology — for something you did not do — with absolute sincerity. No irony. No smiling.","Sincerity maintained throughout. Majority confirms no irony detected.",107,"core",2,true,true,20,""
"P12-CL-3",12,"comedy_lounge","Comedy Lounge",3,2,"vote","Tell a joke about something genuinely sad — but make it funny. Respect the sadness. Find the funny anyway.","Sadness acknowledged. Funny found. Majority decides.",106,"expansion",,true,false,,"EXPANSION"
"P12-CL-4",12,"comedy_lounge","Comedy Lounge",4,3,"vote","Perform a 40-second stand-up bit in which your emotional state changes completely every 10 seconds — joy, fury, grief, pride. The material stays the same; only your state changes.","Four states confirmed by majority. Transitions visible. Material consistent.",179,"core",3,true,true,40,""
"P12-TC-1",12,"the_club","The Club",1,1,"objective","Sing any happy song — with complete devastation. Tune correct. Emotion wrong.","Song recognisable. Devastation maintained. Full verse completed.",77,"core",1,true,false,,""
"P12-TC-2",12,"the_club","The Club",2,2,"objective","Perform a four-line ballad about something trivial — a lost pen, a cold cup of tea — with the emotional weight of a national tragedy.","Subject trivial. Emotion enormous. Four lines. Rhymes land.",133,"core",2,true,false,,""
"P12-TC-3",12,"the_club","The Club",3,2,"objective","Sing any song — but begin in a whisper and end at full operatic volume. Linear escalation. No jumps.","Escalation linear. Both ends of the scale reached. Song identifiable.",100,"expansion",,true,false,,"EXPANSION"
"P12-TC-4",12,"the_club","The Club",4,3,"vote","Perform a 30-second song that expresses two completely contradictory emotions simultaneously — joy and grief, pride and shame, love and fury. Sung throughout.","Both emotions readable. Contradiction sustained. Majority decides.",158,"core",3,true,true,30,"COND-OVERRIDE"
"P12-RS-1",12,"royal_show","The Royal Show",1,1,"objective","Mime receiving the best news of your life — then immediately receiving the worst. Back to back. 15 seconds.","Both reactions readable and distinct. No words.",107,"core",1,true,true,15,""
"P12-RS-2",12,"royal_show","The Royal Show",2,2,"objective","Mime a person trying to hold in an enormous laugh in a very serious situation. 20 seconds. No sounds.","Situation seriousness and suppressed laughter both readable.",101,"core",2,true,true,20,""
"P12-RS-3",12,"royal_show","The Royal Show",3,2,"named_judge","Mime falling in love — over 20 seconds — with an inanimate object on the table. Full arc: noticing, interest, devotion. No words, no sounds.","Named judge confirms all three stages of the arc.",140,"expansion",,true,true,20,"EXPANSION COND-OVERRIDE"
"P12-RS-4",12,"royal_show","The Royal Show",4,3,"objective","Perform a 30-second mime in which you experience five emotions in sequence — called by the table — and each one must be readable within three seconds of the call. No words, no sounds.","All five emotions readable within three seconds each. Majority confirms.",183,"core",3,true,true,30,""
"P12-SP-1",12,"school_play","The School Play",1,1,"named_judge","Deliver this line with absolute fury: ""Would anyone like more potatoes?"" No smiling. No breaking.","Named judge confirms fury maintained and no break detected.",97,"core",1,true,false,,""
"P12-SP-2",12,"school_play","The School Play",2,2,"named_judge","Perform a 20-second scene in which you are trying very hard to be calm — and failing. The subject: something minor, like a slightly uncomfortable chair.","Named judge confirms escalation, subject, and failing calm.",152,"core",2,true,true,20,""
"P12-SP-3",12,"school_play","The School Play",3,2,"named_judge","Player to your right names two contradictory emotions. Deliver this line expressing both simultaneously: ""Well. Here we are.""","Named judge confirms both emotions readable in the one line.",125,"expansion",,true,false,,"EXPANSION"
"P12-SP-4",12,"school_play","The School Play",4,3,"named_judge","Perform a 40-second scene in which your character begins completely composed and ends in total emotional collapse — over something increasingly trivial. Show the full journey.","Named judge confirms journey, triviality, and collapse all committed.",175,"core",3,true,true,40,""
"P13-CL-1",13,"comedy_lounge","Comedy Lounge",1,1,"vote","Tell a joke about Australian summer Christmas — the heat, the flies, the barbie, the beach. Must have a punchline.","Australian context clear. Punchline lands. Majority decides.",114,"core",1,true,false,,""
"P13-CL-2",13,"comedy_lounge","Comedy Lounge",2,2,"vote","Deliver a 20-second stand-up bit about any Australian animal — why it is ridiculous, dangerous, or both. Must have at least two observations.","Two observations land. Animal identifiable. Majority decides.",141,"core",2,true,true,20,""
"P13-CL-3",13,"comedy_lounge","Comedy Lounge",3,2,"vote","Tell a joke that only makes sense if you grew up in Australia. If anyone at the table doesn't get it, explain it — the explanation becomes part of the bit.","Joke attempted. Australian context real. Majority decides.",155,"expansion",,true,false,,"EXPANSION"
"P13-CL-4",13,"comedy_lounge","Comedy Lounge",4,3,"vote","Perform a 40-second stand-up bit about any Australian institution — the surf club, the Royal Show, Bunnings, the school play — as if explaining it to someone who has never heard of it.","Institution named. Explanation given. Majority decides.",184,"core",3,true,true,40,""
"P13-TC-1",13,"the_club","The Club",1,1,"objective","Perform one verse of ""Down Under"" — but replace the original lyrics with lyrics about this Christmas dinner. Same tune.","Tune maintained. Dinner referenced. Full verse completed.",119,"core",1,true,false,,""
"P13-TC-2",13,"the_club","The Club",2,2,"objective","Perform a four-line bush ballad about any Australian animal. Must have the rhythm and tone of a Banjo Paterson poem. 30 seconds to compose.","Four lines. Ballad rhythm. Animal named.",139,"core",2,true,false,,""
"P13-TC-3",13,"the_club","The Club",3,2,"objective","Perform a four-line drinking song in which the chorus is any Australian slang phrase — used correctly. Your choice of phrase and tune.","Slang phrase used correctly as a chorus. Four lines. Tune maintained.",134,"expansion",,true,false,,"EXPANSION"
"P13-TC-4",13,"the_club","The Club",4,3,"vote","Perform a 30-second anthem for Australia's most underappreciated animal. Make the case. Sing it. Mean it.","Animal named. Case made musically. Majority decides if it convinced them.",105,"core",3,true,true,30,"COND-OVERRIDE"
"P13-RS-1",13,"royal_show","The Royal Show",1,1,"objective","Mime attending a Bunnings sausage sizzle — queue, order, sauce decision, eating. 20 seconds.","All four stages readable. No words.",92,"core",1,true,true,20,""
"P13-RS-2",13,"royal_show","The Royal Show",2,2,"objective","Mime an Australian animal encountering a Christmas tree for the first time. 20 seconds. No words.","Animal and reaction both readable.",97,"core",2,true,true,20,""
"P13-RS-3",13,"royal_show","The Royal Show",3,2,"named_judge","Mime a cricket match — you play all roles: bowler, batter, fielder, and crowd — in 25 seconds. No words, no sounds.","Named judge confirms all four roles distinct and game readable.",115,"expansion",,true,true,25,"EXPANSION COND-OVERRIDE"
"P13-RS-4",13,"royal_show","The Royal Show",4,3,"objective","Mime a 30-second scene at a Royal Show: you are competing in an event, something goes wrong, the crowd reacts, and you recover. You play all roles. No words, no sounds.","Event, failure, crowd, and recovery all readable. Majority confirms.",168,"core",3,true,true,30,""
"P13-SP-1",13,"school_play","The School Play",1,1,"named_judge","Deliver this line in a thick Australian accent, with full national pride: ""Yeah, look, it's not for everyone.""","Named judge confirms accent authentic and pride committed.",110,"core",1,true,false,,""
"P13-SP-2",13,"school_play","The School Play",2,2,"named_judge","Perform a 20-second scene: you are a tourist encountering an Australian animal for the first time. Animal of the table's choice.","Named judge confirms tourist character, animal, and encounter committed.",128,"core",2,true,true,20,""
"P13-SP-3",13,"school_play","The School Play",3,2,"named_judge","Perform a 20-second scene: you are a tour guide explaining this Christmas dinner to an international visitor as if it is a sacred Australian ritual.","Named judge confirms character, visitor acknowledged, and ritual gravity held.",148,"expansion",,true,true,20,"EXPANSION"
"P13-SP-4",13,"school_play","The School Play",4,3,"named_judge","Perform a 40-second dramatic monologue as any figure from Australian history — real or legendary — addressing this table as if it represents the nation.","Named judge confirms figure identifiable, address committed, and gravitas sustained.",152,"core",3,false,true,40,""
"P14-CL-1",14,"comedy_lounge","Comedy Lounge",1,1,"vote","You and the player to your left each tell a one-liner on the same topic — table names the topic. The table votes for the funnier one. You go first.","Table votes. Winner is the funnier one-liner.",147,"core",1,false,false,,""
"P14-CL-2",14,"comedy_lounge","Comedy Lounge",2,2,"vote","You and the player to your right have 30 seconds each to deliver a stand-up bit on the same subject. Table names the subject. Table votes.","Both perform. Table votes on the better bit.",138,"core",2,false,true,30,""
"P14-CL-3",14,"comedy_lounge","Comedy Lounge",3,2,"vote","You and the player to your left alternate lines of a joke — you set up, they punch, you set up again, they punch again. Four lines total. Table votes on whether it worked.","Four alternating lines. Majority decides if the structure produced something funny.",171,"expansion",,false,false,,"EXPANSION"
"P14-CL-4",14,"comedy_lounge","Comedy Lounge",4,3,"vote","Perform a 30-second roast battle with the player across from you. Alternating — you go first, then them. Two rounds each. Keep it warm. Table votes on the winner.","Two rounds each. Table votes. Warmth maintained throughout.",162,"core",3,false,true,30,""
"P14-TC-1",14,"the_club","The Club",1,1,"vote","You and the player to your left each sing one line of the same song — simultaneously, in your own key. Table decides who stayed in tune better.","Both sing simultaneously. Majority picks the more in-tune performer.",143,"core",1,false,false,,"COND-OVERRIDE"
"P14-TC-2",14,"the_club","The Club",2,2,"vote","You and the player to your right both improvise a four-line rhyme on the same topic — table names it. 30 seconds each to compose. Table votes.","Both perform. Majority votes on better rhyme.",142,"core",2,false,false,,"COND-OVERRIDE"
"P14-TC-3",14,"the_club","The Club",3,2,"vote","Perform a 20-second rap battle with the player to your left. Alternating two-line verses. You start. Table votes.","Alternating verses. At least two rounds each. Majority votes.",113,"expansion",,false,true,20,"EXPANSION COND-OVERRIDE"
"P14-TC-4",14,"the_club","The Club",4,3,"vote","You and the player across from you perform a 30-second duet — but you have not agreed on the song. Begin simultaneously. Whoever adapts to the other's song wins. Table votes.","Both begin. Adaptation confirmed. Majority votes on who adapted.",174,"core",3,false,true,30,"COND-OVERRIDE"
"P14-RS-1",14,"royal_show","The Royal Show",1,1,"objective","You and the player to your left both mime the same object simultaneously — table names it. Table votes on who was clearer.","Both mime simultaneously. Majority votes on clarity.",122,"core",1,false,false,,""
"P14-RS-2",14,"royal_show","The Royal Show",2,2,"vote","You and the player to your right have 15 seconds each to mime the same emotion — table names it. Table votes on who committed more.","Both mime. Majority votes on commitment.",131,"core",2,false,true,15,"COND-OVERRIDE"
"P14-RS-3",14,"royal_show","The Royal Show",3,2,"named_judge","Mirror challenge: you mime any action, the player to your left must mirror it simultaneously. Hold for 20 seconds. Table votes on synchronisation.","Named judge confirms synchronisation quality.",146,"expansion",,false,true,20,"EXPANSION COND-OVERRIDE"
"P14-RS-4",14,"royal_show","The Royal Show",4,3,"vote","You and the player across from you perform a 30-second mime scene together — no planning, no words. Establish a location, a conflict, a resolution. Table votes on who drove the scene.","Scene has location, conflict, resolution. Majority votes on who led.",183,"core",3,false,true,30,"COND-OVERRIDE"
"P14-SP-1",14,"school_play","The School Play",1,1,"named_judge","You and the player to your left both deliver the same line in different accents — table names the line. Table votes on who committed more. ""I had absolutely nothing to do with it.""","Named judge votes on commitment.",180,"core",1,false,false,,""
"P14-SP-2",14,"school_play","The School Play",2,2,"vote","Perform a 20-second improvised scene with the player to your right. Table gives you: a location and a problem. No planning. Table votes on who stayed in character better.","Scene performed. Majority votes on character.",170,"core",2,false,true,20,"COND-OVERRIDE"
"P14-SP-3",14,"school_play","The School Play",3,2,"named_judge","You and the player to your left both perform a 15-second dramatic reading of the same Christmas cracker joke. Table votes on the more committed performance.","Named judge votes.",156,"expansion",,false,true,15,"EXPANSION"
"P14-SP-4",14,"school_play","The School Play",4,3,"vote","Perform a 40-second two-person scene with the player across from you. One of you is telling the truth. One is lying. Table must guess who is who. No planning.","Scene performed. Majority guesses. Neither player may confirm until guessed.",158,"core",3,false,true,40,"COND-OVERRIDE"
"P15-CL-1",15,"comedy_lounge","Comedy Lounge",1,1,"vote","Tell a joke — but replace every verb with the word ""cracker."" Deliver it straight.","Every verb replaced. Punchline attempted. Majority decides.",82,"core",1,true,false,,""
"P15-CL-2",15,"comedy_lounge","Comedy Lounge",2,2,"vote","Deliver a 20-second stand-up bit about a topic named by the player to your right — but speak only in questions.","Topic addressed. Every sentence a question. Majority decides.",111,"core",2,true,true,20,""
"P15-CL-3",15,"comedy_lounge","Comedy Lounge",3,2,"vote","Perform a 20-second stand-up bit — but every time someone at the table coughs, sneezes, or laughs, you must restart from the beginning.","Interruptions restarted. Bit completed or 60 seconds elapsed. Majority decides.",135,"expansion",,true,true,20,"EXPANSION"
"P15-CL-4",15,"comedy_lounge","Comedy Lounge",4,3,"vote","Tell a joke — but the player to your left writes the punchline on a piece of paper before you start. You must construct a setup that makes their punchline work. You see the punchline only when you deliver it.","Setup constructed. Punchline read cold. Majority decides if it landed.",208,"core",3,true,false,,""
"P15-TC-1",15,"the_club","The Club",1,1,"objective","Sing any song — but replace all vowels with the sound ""ah.""","Full verse. All vowels replaced. Tune maintained.",59,"core",1,true,false,,""
"P15-TC-2",15,"the_club","The Club",2,2,"objective","Perform a four-line rhyme in which the last word of each line is provided by a different player, live, as you reach it. No preparation.","Four lines. Four different players supply end words. Rhymes attempted.",135,"core",2,true,false,,""
"P15-TC-3",15,"the_club","The Club",3,2,"objective","Sing a 20-second song about a topic named by the table — but you may only use words of one syllable.","Topic addressed. Monosyllables only. 20 seconds reached.",100,"expansion",,true,true,20,"EXPANSION"
"P15-TC-4",15,"the_club","The Club",4,3,"vote","Perform a 30-second song in a made-up language. Must sound like a real language. Must have a chorus. Table votes on whether it sounded convincing.","Made-up language sustained. Chorus present. Majority decides on convincingness.",146,"core",3,true,true,30,"COND-OVERRIDE"
"P15-RS-1",15,"royal_show","The Royal Show",1,1,"objective","Mime being controlled by an invisible puppeteer for 15 seconds. Every movement is dictated by the player to your left, who calls it out.","All called movements performed. Puppet physicality maintained.",136,"core",1,true,true,15,""
"P15-RS-2",15,"royal_show","The Royal Show",2,2,"objective","Mime in reverse — the table names an activity, you mime it backwards, from end to beginning. 20 seconds. No words.","Activity identifiable in reverse. No words.",114,"core",2,true,true,20,""
"P15-RS-3",15,"royal_show","The Royal Show",3,2,"named_judge","Perform a 20-second mime — but every five seconds, the player to your right calls a new location and you must instantly transport yourself there. No words.","Named judge confirms four location transitions and immediate commitment.",155,"expansion",,true,true,20,"EXPANSION COND-OVERRIDE"
"P15-RS-4",15,"royal_show","The Royal Show",4,3,"objective","Perform a 30-second mime with your non-dominant hand only. Table names the activity. No words, no sounds.","Activity identifiable. Non-dominant hand only. 30 seconds reached.",105,"core",3,true,true,30,""
"P15-SP-1",15,"school_play","The School Play",1,1,"named_judge","Deliver this line — but speak every word in reverse order: ""I have no idea what you are talking about.""","Named judge confirms reverse order and committed delivery.",103,"core",1,true,false,,""
"P15-SP-2",15,"school_play","The School Play",2,2,"named_judge","Perform a 20-second scene — but you may only use the words ""yes,"" ""no,"" ""but,"" and ""really."" No other words.","Named judge confirms vocabulary restriction held and scene committed.",108,"core",2,true,true,20,""
"P15-SP-3",15,"school_play","The School Play",3,2,"named_judge","Perform a 20-second dramatic scene — but every time the player to your left claps once, you freeze. Every time they clap twice, you resume. Scene must still make sense at the end.","Named judge confirms freezes, resumes, and scene coherence.",179,"expansion",,true,true,20,"EXPANSION"
"P15-SP-4",15,"school_play","The School Play",4,3,"named_judge","Perform a 40-second scene in which you play a character who is performing a character — two layers of performance, both distinct, neither breaking.","Named judge confirms both layers distinct and neither layer breaks.",147,"core",3,true,true,40,""
"P16-CL-1",16,"comedy_lounge","Comedy Lounge",1,1,"vote","Tell the best joke you know. Not original — the best one you actually know. Deliver it perfectly.","Delivery judged, not material. Majority decides on execution.",97,"core",1,false,false,,""
"P16-CL-2",16,"comedy_lounge","Comedy Lounge",2,2,"vote","Perform a 30-second stand-up bit about whatever the table agrees was the worst moment of the evening. Find the funny. The person most involved casts the deciding vote.","Worst moment identified by table. Funny found. Involved player votes.",167,"core",2,false,true,30,""
"P16-CL-3",16,"comedy_lounge","Comedy Lounge",3,2,"vote","Deliver a 30-second comedy eulogy for this game — it is ending, it gave everything, it will be missed. At least two specific moments referenced.","Two moments referenced. Majority decides.",144,"expansion",,false,true,30,"EXPANSION"
"P16-CL-4",16,"comedy_lounge","Comedy Lounge",4,3,"vote","Perform a 60-second closing set. Cover: one observation about the table, one callback to an earlier performance, one prediction for next Christmas, and a closing line that lands. No notes.","All four elements present. Closing line confirmed by majority.",188,"core",3,false,true,60,""
"P16-TC-1",16,"the_club","The Club",1,1,"objective","Lead the table in one final chorus of any song everyone knows. You conduct. You start. Everyone joins.","Song known by majority. Full chorus completed. Table joins in.",102,"core",1,false,false,,""
"P16-TC-2",16,"the_club","The Club",2,2,"objective","Compose and perform a four-line toast to this game and everyone who played it. Must rhyme. Must end with something worth drinking to. 30 seconds to compose.","Four lines. Rhymes land. Toast delivered. Table drinks.",156,"core",2,false,false,,""
"P16-TC-3",16,"the_club","The Club",3,2,"objective","Perform a 30-second ballad recapping the entire game — who played well, who suffered, who won. Name every player.","Every player named. Game recapped. 30 seconds reached.",113,"expansion",,false,true,30,"EXPANSION"
"P16-TC-4",16,"the_club","The Club",4,3,"vote","Perform a 45-second original song — written and performed now — about this specific Christmas, this specific table, and why it will be remembered. Must have a chorus.","Original song. Chorus present. This Christmas described. Majority decides.",166,"core",3,false,true,45,"COND-OVERRIDE"
"P16-RS-1",16,"royal_show","The Royal Show",1,1,"objective","Take a final bow — mime receiving a standing ovation from a sold-out arena. 15 seconds.","Ovation and scale of arena both readable. Bow committed.",87,"core",1,false,true,15,""
"P16-RS-2",16,"royal_show","The Royal Show",2,2,"objective","Mime a 20-second highlight reel of your own best performance of the night. You direct and star. No words.","Performance identifiable. Direction and starring both readable.",105,"core",2,false,true,20,""
"P16-RS-3",16,"royal_show","The Royal Show",3,2,"named_judge","Mime accepting a lifetime achievement award at the Royal Show — trophy, tears, crowd, speech. No words. 25 seconds.","Named judge confirms all four elements present and committed.",115,"expansion",,false,true,25,"EXPANSION COND-OVERRIDE"
"P16-RS-4",16,"royal_show","The Royal Show",4,3,"objective","Perform a 35-second mime of the entire game — setup, performances, conflict, winner — compressed. Every player must be represented. No words, no sounds.","Game arc readable. Every player represented. Majority confirms.",152,"core",3,false,true,35,""
"P16-SP-1",16,"school_play","The School Play",1,1,"named_judge","Deliver the final line of the evening — whatever feels right — in the most dramatic accent you have. No prompt. Your words. Your moment.","Named judge confirms accent held and moment committed.",136,"core",1,false,false,,""
"P16-SP-2",16,"school_play","The School Play",2,2,"named_judge","Perform a 30-second curtain call speech — in character as your game Character — thanking the table for a magnificent performance. Stay in character throughout.","Named judge confirms character held and every player thanked.",159,"core",2,false,true,30,""
"P16-SP-3",16,"school_play","The School Play",3,2,"named_judge","Perform a 30-second scene: you are the director of this evening, giving notes to the cast after the final performance. Specific feedback for at least three players.","Named judge confirms director character, specificity, and three players addressed.",164,"expansion",,false,true,30,"EXPANSION"
"P16-SP-4",16,"school_play","The School Play",4,3,"named_judge","Perform a 60-second dramatic monologue as your game Character reflecting on what they have learned tonight. Must reference two real moments from the game. Must end with a line the table will remember.","Named judge confirms character, two real references, and memorable closing line.",200,"core",3,false,true,60,""