prompt_id,packet_card_number,packet_number,character,category,venue,position,text,timed,duration_seconds
CL01-1,1,1,Kookaburra (Nev),Comedy Lounge,comedy_lounge,1,Tell a joke about the person to your left. Must have a setup and a punchline. Does not have to be good.,FALSE,
CL01-2,1,1,Kookaburra (Nev),Comedy Lounge,comedy_lounge,2,"Tell a knock-knock joke — made up on the spot. No classics. No ""interrupting cow.""",FALSE,
CL01-3,1,1,Kookaburra (Nev),Comedy Lounge,comedy_lounge,3,"Deliver this setup deadpan, pause three seconds, then give your punchline: ""I told my family I wanted to be a comedian for Christmas...""",FALSE,
CL01-4,1,1,Kookaburra (Nev),Comedy Lounge,comedy_lounge,4,Roast the player to your right in exactly three sentences. Must be affectionate. Third sentence must be a compliment disguised as an insult.,FALSE,
CL01-5,1,1,Kookaburra (Nev),Comedy Lounge,comedy_lounge,5,Point at any player. Tell a one-liner about their outfit right now. Must have a punchline.,FALSE,
CL01-6,1,1,Kookaburra (Nev),Comedy Lounge,comedy_lounge,6,"Choose any player. Do a one-minute stand-up bit as if they are the subject — their habits, their quirks, their Christmas behaviour. Keep it warm.",TRUE,60
CL01-7,1,1,Kookaburra (Nev),Comedy Lounge,comedy_lounge,7,"Tell a two-sentence joke that begins: ""The thing about [player to your right] is..."" Setup in sentence one, punchline in sentence two.",FALSE,
CL01-8,1,1,Kookaburra (Nev),Comedy Lounge,comedy_lounge,8,"Deliver a full 45-second comedy eulogy for the player to your left — as if they have just retired from Christmas dinners forever. Affectionate. At least two specific ""memories.""",TRUE,45
CL02-1,2,2,Cockatoo (Shazza),Comedy Lounge,comedy_lounge,1,Tell a Christmas cracker joke — but it must be one you have made up right now. Not a real one. Not a good one. Just yours.,FALSE,
CL02-2,2,2,Cockatoo (Shazza),Comedy Lounge,comedy_lounge,2,"Go around the table. Each player gives you one word. Use all of them in a single joke. Setup and punchline. You have 30 seconds to compose, then deliver.",FALSE,
CL02-3,2,2,Cockatoo (Shazza),Comedy Lounge,comedy_lounge,3,"Deliver a 30-second stand-up bit about this specific Christmas dinner — what's on the table, who's here, what's already gone wrong. At least two observations.",TRUE,30
CL02-4,2,2,Cockatoo (Shazza),Comedy Lounge,comedy_lounge,4,"Perform a 45-second crowd work set. Address at least three players by name with a specific observation about each. No prepared material — everything must be about this table, right now.",TRUE,45
CL02-5,2,2,Cockatoo (Shazza),Comedy Lounge,comedy_lounge,5,Tell a joke with a deliberately terrible pun as the punchline. Announce the pun proudly. Own it completely.,FALSE,
CL02-6,2,2,Cockatoo (Shazza),Comedy Lounge,comedy_lounge,6,Set up a joke. Deliver the setup. Then give the wrong punchline — deliberately. Then give the right one. The wrong punchline must be funnier than the right one.,FALSE,
CL02-7,2,2,Cockatoo (Shazza),Comedy Lounge,comedy_lounge,7,Tell a joke so slowly that the table thinks you have forgotten it. You have not forgotten it. Maintain total confidence throughout. Deliver the punchline at your own pace.,FALSE,
CL02-8,2,2,Cockatoo (Shazza),Comedy Lounge,comedy_lounge,8,"Perform a 30-second ""anti-joke"" — set up a classic joke structure, then give a completely literal, humourless answer. Then explain, earnestly, why it is actually funny.",TRUE,30
CL03-1,3,3,Quokka (Trev),Comedy Lounge,comedy_lounge,1,Tell a joke about a Christmas tradition you personally find ridiculous. Must have a punchline.,FALSE,
CL03-2,3,3,Quokka (Trev),Comedy Lounge,comedy_lounge,2,Deliver a 20-second stand-up bit defending one genuinely terrible Christmas food as if it is a national treasure. Absolute conviction required.,TRUE,20
CL03-3,3,3,Quokka (Trev),Comedy Lounge,comedy_lounge,3,Tell a joke about Santa Claus that has never been told before. You have 20 seconds to compose it.,FALSE,
CL03-4,3,3,Quokka (Trev),Comedy Lounge,comedy_lounge,4,"Perform a 45-second stand-up bit about the specific horrors of Christmas shopping. Must include a specific product, a specific shop, and a punchline that lands on the last line.",TRUE,45
CL03-5,3,3,Quokka (Trev),Comedy Lounge,comedy_lounge,5,Tell a two-sentence story about something that definitely did not happen to you this year. Must have a beginning and an end. Must be funny.,FALSE,
CL03-6,3,3,Quokka (Trev),Comedy Lounge,comedy_lounge,6,"Tell a 20-second story that begins: ""So this one time at a Christmas party..."" It must escalate. It must end badly for someone.",TRUE,20
CL03-7,3,3,Quokka (Trev),Comedy Lounge,comedy_lounge,7,"Tell a joke in the style of a long, rambling story that seems to be going nowhere — and then arrives at a punchline so precise the table can't believe it. 30 seconds maximum.",TRUE,30
CL03-8,3,3,Quokka (Trev),Comedy Lounge,comedy_lounge,8,"Perform a 45-second comedic TED Talk on a topic of your choice. Must have a title, a thesis, and a call to action. Deadpan delivery required.",TRUE,45
CL04-1,4,4,Magpie (Timbo),Comedy Lounge,comedy_lounge,1,"Do your best impression of any animal at the table — the characters on the game cards, not the players. One sentence in their voice.",FALSE,
CL04-2,4,4,Magpie (Timbo),Comedy Lounge,comedy_lounge,2,"Do an impression of any well-known Australian — politician, sportsperson, TV personality — telling a Christmas joke. Must be recognisable.",FALSE,
CL04-3,4,4,Magpie (Timbo),Comedy Lounge,comedy_lounge,3,"Deliver this line as three different people in quick succession — announce each one: ""Well. That could have gone better.""",FALSE,
CL04-4,4,4,Magpie (Timbo),Comedy Lounge,comedy_lounge,4,Perform a 30-second stand-up set entirely in the voice of a well-known Australian you have not done before. Majority must identify them within the first 10 seconds or you restart.,TRUE,30
CL04-5,4,4,Magpie (Timbo),Comedy Lounge,comedy_lounge,5,Ask the table for a topic. Tell a joke about it. You have 20 seconds to think.,FALSE,
CL04-6,4,4,Magpie (Timbo),Comedy Lounge,comedy_lounge,6,Each player gives you one word. Tell a single joke that uses every word. You have 30 seconds to compose.,FALSE,
CL04-7,4,4,Magpie (Timbo),Comedy Lounge,comedy_lounge,7,"Player to your left gives you a punchline. You must construct the setup to make it work. 30 seconds to compose, then deliver.",FALSE,
CL04-8,4,4,Magpie (Timbo),Comedy Lounge,comedy_lounge,8,"The table gives you: a person, a place, and a problem. Perform a 30-second stand-up bit incorporating all three. Punchline must land on the problem.",TRUE,30
CL05-1,5,5,Emu (Bev),Comedy Lounge,comedy_lounge,1,Tell three jokes in 30 seconds. They do not need to be good. They need to be three jokes.,TRUE,30
CL05-2,5,5,Emu (Bev),Comedy Lounge,comedy_lounge,2,"Tell a joke without using the words ""the,"" ""a,"" or ""and."" No pausing to self-correct.",FALSE,
CL05-3,5,5,Emu (Bev),Comedy Lounge,comedy_lounge,3,Deliver a 20-second comedy bit speaking only in questions. Every sentence must be a question.,TRUE,20
CL05-4,5,5,Emu (Bev),Comedy Lounge,comedy_lounge,4,"Perform a 45-second stand-up set in which every sentence must make the table laugh or groan before you can say the next one. If two sentences pass in silence, you fail.",TRUE,45
CL05-5,5,5,Emu (Bev),Comedy Lounge,comedy_lounge,5,Tell a joke about something that has already happened at this table tonight. Must have a punchline.,FALSE,
CL05-6,5,5,Emu (Bev),Comedy Lounge,comedy_lounge,6,Reference the worst performance at this table so far tonight — kindly — in a 20-second stand-up bit. Must end with a compliment.,TRUE,20
CL05-7,5,5,Emu (Bev),Comedy Lounge,comedy_lounge,7,"Deliver a 20-second ""previously on"" recap of this game so far — in the voice of a dramatic TV narrator. At least three events referenced.",TRUE,20
CL05-8,5,5,Emu (Bev),Comedy Lounge,comedy_lounge,8,Perform a 40-second roast of the current leader — the player with the most tokens. Reference at least two specific things they have done in this game. Affectionate. Ends with genuine encouragement.,TRUE,40
CL06-1,6,6,Galah (Kel),Comedy Lounge,comedy_lounge,1,Pick up any object on the table. Tell a joke where that object is the punchline.,FALSE,
CL06-2,6,6,Galah (Kel),Comedy Lounge,comedy_lounge,2,Hold up any object from the table. Deliver a 20-second infomercial for it as if it is the greatest invention of the century. Absolute conviction.,TRUE,20
CL06-3,6,6,Galah (Kel),Comedy Lounge,comedy_lounge,3,Pick any object from the table. It is now evidence in a criminal trial. Deliver a 20-second closing argument.,TRUE,20
CL06-4,6,6,Galah (Kel),Comedy Lounge,comedy_lounge,4,Pick any two objects from the table. Perform a 30-second stand-up bit in which these objects are the protagonist and antagonist of a story. Name them. Give them voices.,TRUE,30
CL06-5,6,6,Galah (Kel),Comedy Lounge,comedy_lounge,5,Tell a joke — but deliver the setup with complete devastation and the punchline with pure joy. Whiplash required.,FALSE,
CL06-6,6,6,Galah (Kel),Comedy Lounge,comedy_lounge,6,Deliver a 20-second apology — for something you did not do — with absolute sincerity. No irony. No smiling.,TRUE,20
CL06-7,6,6,Galah (Kel),Comedy Lounge,comedy_lounge,7,Tell a joke about something genuinely sad — but make it funny. Respect the sadness. Find the funny anyway.,FALSE,
CL06-8,6,6,Galah (Kel),Comedy Lounge,comedy_lounge,8,"Perform a 40-second stand-up bit in which your emotional state changes completely every 10 seconds — joy, fury, grief, pride. The material stays the same; only your state changes.",TRUE,40
CL07-1,7,7,Echidna (Simmo),Comedy Lounge,comedy_lounge,1,"Tell a joke about Australian summer Christmas — the heat, the flies, the barbie, the beach. Must have a punchline.",FALSE,
CL07-2,7,7,Echidna (Simmo),Comedy Lounge,comedy_lounge,2,"Deliver a 20-second stand-up bit about any Australian animal — why it is ridiculous, dangerous, or both. Must have at least two observations.",TRUE,20
CL07-3,7,7,Echidna (Simmo),Comedy Lounge,comedy_lounge,3,"Tell a joke that only makes sense if you grew up in Australia. If anyone at the table doesn't get it, explain it — the explanation becomes part of the bit.",FALSE,
CL07-4,7,7,Echidna (Simmo),Comedy Lounge,comedy_lounge,4,"Perform a 40-second stand-up bit about any Australian institution — the surf club, the Royal Show, Bunnings, the school play — as if explaining it to someone who has never heard of it.",TRUE,40
CL07-5,7,7,Echidna (Simmo),Comedy Lounge,comedy_lounge,5,You and the player to your left each tell a one-liner on the same topic — table names the topic. The table votes for the funnier one. You go first.,FALSE,
CL07-6,7,7,Echidna (Simmo),Comedy Lounge,comedy_lounge,6,You and the player to your right have 30 seconds each to deliver a stand-up bit on the same subject. Table names the subject. Table votes.,TRUE,30
CL07-7,7,7,Echidna (Simmo),Comedy Lounge,comedy_lounge,7,"You and the player to your left alternate lines of a joke — you set up, they punch, you set up again, they punch again. Four lines total. Table votes on whether it worked.",FALSE,
CL07-8,7,7,Echidna (Simmo),Comedy Lounge,comedy_lounge,8,"Perform a 30-second roast battle with the player across from you. Alternating — you go first, then them. Two rounds each. Keep it warm. Table votes on the winner.",TRUE,30
CL08-1,8,8,Platypus (Val),Comedy Lounge,comedy_lounge,1,"Tell a joke — but replace every verb with the word ""cracker."" Deliver it straight.",FALSE,
CL08-2,8,8,Platypus (Val),Comedy Lounge,comedy_lounge,2,Deliver a 20-second stand-up bit about a topic named by the player to your right — but speak only in questions.,TRUE,20
CL08-3,8,8,Platypus (Val),Comedy Lounge,comedy_lounge,3,"Perform a 20-second stand-up bit — but every time someone at the table coughs, sneezes, or laughs, you must restart from the beginning.",TRUE,20
CL08-4,8,8,Platypus (Val),Comedy Lounge,comedy_lounge,4,Tell a joke — but the player to your left writes the punchline on a piece of paper before you start. You must construct a setup that makes their punchline work. You see the punchline only when you deliver it.,FALSE,
CL08-5,8,8,Platypus (Val),Comedy Lounge,comedy_lounge,5,Tell the best joke you know. Not original — the best one you actually know. Deliver it perfectly.,FALSE,
CL08-6,8,8,Platypus (Val),Comedy Lounge,comedy_lounge,6,Perform a 30-second stand-up bit about whatever the table agrees was the worst moment of the evening. Find the funny. The person most involved casts the deciding vote.,TRUE,30
CL08-7,8,8,Platypus (Val),Comedy Lounge,comedy_lounge,7,"Deliver a 30-second comedy eulogy for this game — it is ending, it gave everything, it will be missed. At least two specific moments referenced.",TRUE,30
CL08-8,8,8,Platypus (Val),Comedy Lounge,comedy_lounge,8,"Perform a 60-second closing set. Cover: one observation about the table, one callback to an earlier performance, one prediction for next Christmas, and a closing line that lands. No notes.",TRUE,60
TC09-1,9,1,Kookaburra (Nev),The Club,the_club,1,"Sing ""Happy Birthday"" — replace ""Happy Birthday"" with ""Merry Christmas"" and the name with the player to your left. Full song.",FALSE,
TC09-2,9,1,Kookaburra (Nev),The Club,the_club,2,"Improvise a four-line rhyming poem about what's on the Christmas table right now. Lines 1 & 3 rhyme. Lines 2 & 4 rhyme. 30 seconds to compose, then perform.",FALSE,
TC09-3,9,1,Kookaburra (Nev),The Club,the_club,3,Someone names any Australian animal. Sing a jingle — at least three lines — advertising that animal as a Christmas gift. Your choice of tune.,FALSE,
TC09-4,9,1,Kookaburra (Nev),The Club,the_club,4,Player to your left gives you a word. Perform an improvised rap — at least six lines — ending with a rhyme on that word. No pause longer than three seconds.,FALSE,
TC09-5,9,1,Kookaburra (Nev),The Club,the_club,5,"Sing the first verse of ""We Wish You a Merry Christmas"" — but replace ""we"" with the name of the player to your right throughout.",FALSE,
TC09-6,9,1,Kookaburra (Nev),The Club,the_club,6,Player to your left hums any tune. You must sing four lines of improvised lyrics over it. Any topic.,FALSE,
TC09-7,9,1,Kookaburra (Nev),The Club,the_club,7,Compose and perform a four-line birthday song for any player at the table — even if it's not their birthday. Must include their name and one specific true fact about them.,FALSE,
TC09-8,9,1,Kookaburra (Nev),The Club,the_club,8,"Perform a 30-second musical argument — sung, not spoken — with the player to your right. You start. They may respond. You must resolve it in harmony.",TRUE,30
TC10-1,10,2,Cockatoo (Shazza),The Club,the_club,1,"Lead the whole table in one verse of ""Jingle Bells."" You conduct. Everyone sings.",FALSE,
TC10-2,10,2,Cockatoo (Shazza),The Club,the_club,2,"Compose and perform a four-line rhyming toast to the table. Must mention Christmas, must end with something to drink to. 30 seconds to compose.",FALSE,
TC10-3,10,2,Cockatoo (Shazza),The Club,the_club,3,"Perform a 20-second jingle advertising this exact gathering — who's here, what you're eating, why it's unmissable. Your choice of tune.",TRUE,20
TC10-4,10,2,Cockatoo (Shazza),The Club,the_club,4,"Teach the table a round — at least two parts — of any song, real or invented. Table must be able to join in. 60 seconds total including teaching time.",TRUE,60
TC10-5,10,2,Cockatoo (Shazza),The Club,the_club,5,"Sing any Christmas song — but swap every noun for the word ""cracker.""",FALSE,
TC10-6,10,2,Cockatoo (Shazza),The Club,the_club,6,Perform a four-line rhyme in which every line ends with a word that almost rhymes but doesn't quite. Commit fully to the near-rhymes.,FALSE,
TC10-7,10,2,Cockatoo (Shazza),The Club,the_club,7,Perform a jingle for a product that does not exist — but make it sound completely plausible. At least three lines. Your choice of tune.,FALSE,
TC10-8,10,2,Cockatoo (Shazza),The Club,the_club,8,"Perform a 30-second song in which you gradually reveal, line by line, an increasingly unlikely Christmas confession. Must build to a finale.",TRUE,30
TC11-1,11,3,Quokka (Trev),The Club,the_club,1,"Sing ""Rudolph the Red-Nosed Reindeer"" — but Rudolph has been replaced by an Australian animal of the table's choosing. Substitute the animal's name throughout.",FALSE,
TC11-2,11,3,Quokka (Trev),The Club,the_club,2,Improvise a four-line carol about the worst possible Christmas present. Lines 1 & 3 rhyme. Lines 2 & 4 rhyme. 30 seconds to compose.,FALSE,
TC11-3,11,3,Quokka (Trev),The Club,the_club,3,Perform a 20-second jingle for Christmas crackers — as if they are a new product that has never existed before and you are selling them for the first time.,TRUE,20
TC11-4,11,3,Quokka (Trev),The Club,the_club,4,"Perform a 30-second Christmas rap. Must include: one family member, one food on the table, one complaint about the weather, and a closing rhyme. No pause longer than three seconds.",TRUE,30
TC11-5,11,3,Quokka (Trev),The Club,the_club,5,Sing a four-line ballad about something that went wrong today. Any tune. Must end on a high note — literally.,FALSE,
TC11-6,11,3,Quokka (Trev),The Club,the_club,6,Perform a sea shanty — at least four lines — about the journey to this Christmas dinner. Include one hardship.,FALSE,
TC11-7,11,3,Quokka (Trev),The Club,the_club,7,Improvise a country song about a pet — real or imaginary — who ruined Christmas. Four lines minimum. Your choice of twang.,FALSE,
TC11-8,11,3,Quokka (Trev),The Club,the_club,8,Perform a 30-second opera about something trivial that happened in the last hour. Sung throughout. Must include a dramatic death.,TRUE,30
TC12-1,12,4,Magpie (Timbo),The Club,the_club,1,Sing one verse of any song — in the singing style of any animal. Announce the animal first.,FALSE,
TC12-2,12,4,Magpie (Timbo),The Club,the_club,2,"Sing ""Waltzing Matilda"" in the style of a genre that has never been used for it before. Announce the genre.",FALSE,
TC12-3,12,4,Magpie (Timbo),The Club,the_club,3,"Perform a four-line song in the voice of any well-known Australian, singing about their own fame. Must be recognisable.",FALSE,
TC12-4,12,4,Magpie (Timbo),The Club,the_club,4,"Perform a 30-second duet — alone. Two distinct voices, two distinct parts, at least one moment of harmony. Your choice of song.",TRUE,30
TC12-5,12,4,Magpie (Timbo),The Club,the_club,5,Player to your right names a colour. Sing a four-line song about that colour. Any tune.,FALSE,
TC12-6,12,4,Magpie (Timbo),The Club,the_club,6,Each player shouts out one random word. Weave all of them into a four-line rhyming song. 30 seconds to compose.,FALSE,
TC12-7,12,4,Magpie (Timbo),The Club,the_club,7,"Player to your left gives you a tune by humming it. You sing four lines of new, improvised lyrics over it.",FALSE,
TC12-8,12,4,Magpie (Timbo),The Club,the_club,8,"The table votes on a song. You perform it — but every noun is replaced with a noun shouted by the player to your right, live, as you sing. No stopping to negotiate.",FALSE,
TC13-1,13,5,Emu (Bev),The Club,the_club,1,Sing as many Christmas song titles as you can in 20 seconds — to any tune — without repeating.,TRUE,20
TC13-2,13,5,Emu (Bev),The Club,the_club,2,Improvise a four-line rhyming verse in under 20 seconds. No composing time — start immediately.,TRUE,20
TC13-3,13,5,Emu (Bev),The Club,the_club,3,"Sing any verse of any song — but every word must be replaced with the word ""cracker."" Tune maintained. No hesitation.",FALSE,
TC13-4,13,5,Emu (Bev),The Club,the_club,4,"Perform a 30-second song with no repeated words. Any song, any tune — but the moment you repeat a word, you fail.",TRUE,30
TC13-5,13,5,Emu (Bev),The Club,the_club,5,Sing a four-line song about the first prompt anyone performed tonight. Must be recognisable as a reference.,FALSE,
TC13-6,13,5,Emu (Bev),The Club,the_club,6,Perform a four-line rhyming verse summarising the game so far — one line per round if possible. 30 seconds to compose.,FALSE,
TC13-7,13,5,Emu (Bev),The Club,the_club,7,Perform a jingle about the best moment of the evening so far. Must name the player involved. 20 seconds.,TRUE,20
TC13-8,13,5,Emu (Bev),The Club,the_club,8,"Perform a 30-second musical tribute to every player at the table — one line each, in order. Every line must rhyme with the previous.",TRUE,30
TC14-1,14,6,Galah (Kel),The Club,the_club,1,Pick up any object from the table. Sing a four-line love song to it. Any tune.,FALSE,
TC14-2,14,6,Galah (Kel),The Club,the_club,2,Choose any object from the table. Perform a four-line rhyming eulogy for it as if it has just died.,FALSE,
TC14-3,14,6,Galah (Kel),The Club,the_club,3,Pick any object from the table. Perform a four-line jingle revealing its dark secret. Must scan and rhyme.,FALSE,
TC14-4,14,6,Galah (Kel),The Club,the_club,4,Pick any three objects from the table. Perform a 30-second song in which each object gets its own verse. Objects must be addressed by name.,TRUE,30
TC14-5,14,6,Galah (Kel),The Club,the_club,5,Sing any happy song — with complete devastation. Tune correct. Emotion wrong.,FALSE,
TC14-6,14,6,Galah (Kel),The Club,the_club,6,"Perform a four-line ballad about something trivial — a lost pen, a cold cup of tea — with the emotional weight of a national tragedy.",FALSE,
TC14-7,14,6,Galah (Kel),The Club,the_club,7,Sing any song — but begin in a whisper and end at full operatic volume. Linear escalation. No jumps.,FALSE,
TC14-8,14,6,Galah (Kel),The Club,the_club,8,"Perform a 30-second song that expresses two completely contradictory emotions simultaneously — joy and grief, pride and shame, love and fury. Sung throughout.",TRUE,30
TC15-1,15,7,Echidna (Simmo),The Club,the_club,1,"Perform one verse of ""Down Under"" — but replace the original lyrics with lyrics about this Christmas dinner. Same tune.",FALSE,
TC15-2,15,7,Echidna (Simmo),The Club,the_club,2,Perform a four-line bush ballad about any Australian animal. Must have the rhythm and tone of a Banjo Paterson poem. 30 seconds to compose.,FALSE,
TC15-3,15,7,Echidna (Simmo),The Club,the_club,3,Perform a four-line drinking song in which the chorus is any Australian slang phrase — used correctly. Your choice of phrase and tune.,FALSE,
TC15-4,15,7,Echidna (Simmo),The Club,the_club,4,Perform a 30-second anthem for Australia's most underappreciated animal. Make the case. Sing it. Mean it.,TRUE,30
TC15-5,15,7,Echidna (Simmo),The Club,the_club,5,"You and the player to your left each sing one line of the same song — simultaneously, in your own key. Table decides who stayed in tune better.",FALSE,
TC15-6,15,7,Echidna (Simmo),The Club,the_club,6,You and the player to your right both improvise a four-line rhyme on the same topic — table names it. 30 seconds each to compose. Table votes.,FALSE,
TC15-7,15,7,Echidna (Simmo),The Club,the_club,7,Perform a 20-second rap battle with the player to your left. Alternating two-line verses. You start. Table votes.,TRUE,20
TC15-8,15,7,Echidna (Simmo),The Club,the_club,8,You and the player across from you perform a 30-second duet — but you have not agreed on the song. Begin simultaneously. Whoever adapts to the other's song wins. Table votes.,TRUE,30
TC16-1,16,8,Platypus (Val),The Club,the_club,1,"Sing any song — but replace all vowels with the sound ""ah.""",FALSE,
TC16-2,16,8,Platypus (Val),The Club,the_club,2,"Perform a four-line rhyme in which the last word of each line is provided by a different player, live, as you reach it. No preparation.",FALSE,
TC16-3,16,8,Platypus (Val),The Club,the_club,3,Sing a 20-second song about a topic named by the table — but you may only use words of one syllable.,TRUE,20
TC16-4,16,8,Platypus (Val),The Club,the_club,4,Perform a 30-second song in a made-up language. Must sound like a real language. Must have a chorus. Table votes on whether it sounded convincing.,TRUE,30
TC16-5,16,8,Platypus (Val),The Club,the_club,5,Lead the table in one final chorus of any song everyone knows. You conduct. You start. Everyone joins.,FALSE,
TC16-6,16,8,Platypus (Val),The Club,the_club,6,Compose and perform a four-line toast to this game and everyone who played it. Must rhyme. Must end with something worth drinking to. 30 seconds to compose.,FALSE,
TC16-7,16,8,Platypus (Val),The Club,the_club,7,"Perform a 30-second ballad recapping the entire game — who played well, who suffered, who won. Name every player.",TRUE,30
TC16-8,16,8,Platypus (Val),The Club,the_club,8,"Perform a 45-second original song — written and performed now — about this specific Christmas, this specific table, and why it will be remembered. Must have a chorus.",TRUE,45
TRS17-1,17,1,Kookaburra (Nev),The Royal Show,royal_show,1,Mime unwrapping a Christmas present. The gift inside is the most disappointing thing imaginable. React accordingly. 20 seconds.,TRUE,20
TRS17-2,17,1,Kookaburra (Nev),The Royal Show,royal_show,2,"Perform a 15-second acceptance speech for ""Best Performer at the Royal Show"" — mime holding a trophy the entire time, getting progressively heavier.",TRUE,15
TRS17-3,17,1,Kookaburra (Nev),The Royal Show,royal_show,3,"Mime a galah who has just been told it cannot have a cracker. No words, no sounds.",FALSE,
TRS17-4,17,1,Kookaburra (Nev),The Royal Show,royal_show,4,"Mime a 30-second sideshow spruiker's pitch for the most useless product you can think of. Demonstrate the product, show its key feature, indicate the price. No words. No sounds.",TRUE,30
TRS17-5,17,1,Kookaburra (Nev),The Royal Show,royal_show,5,Mime taking a photo of the player to your left as if they are the most fascinating thing you have ever seen. 15 seconds.,TRUE,15
TRS17-6,17,1,Kookaburra (Nev),The Royal Show,royal_show,6,Mime teaching the player to your right how to do something they obviously already know how to do — very slowly and very condescendingly. 20 seconds. No words.,TRUE,20
TRS17-7,17,1,Kookaburra (Nev),The Royal Show,royal_show,7,"Mime a talent show audition in which you are desperately trying to impress the player to your left, who is the judge. 20 seconds. No words.",TRUE,20
TRS17-8,17,1,Kookaburra (Nev),The Royal Show,royal_show,8,"Mime an entire argument — with a full beginning, escalation, and resolution — directed at the player across from you. No words, no sounds. 30 seconds.",TRUE,30
TRS18-1,18,2,Cockatoo (Shazza),The Royal Show,royal_show,1,Mime that you have just discovered something extraordinary under the table. React. Show the table what it is without words. 15 seconds.,TRUE,15
TRS18-2,18,2,Cockatoo (Shazza),The Royal Show,royal_show,2,"Mime a sideshow game that the whole table can play simultaneously — set it up, demonstrate it, invite them in. No words. 20 seconds.",TRUE,20
TRS18-3,18,2,Cockatoo (Shazza),The Royal Show,royal_show,3,Mime conducting the table as an orchestra. Each player is a different instrument — assign them silently. 20 seconds.,TRUE,20
TRS18-4,18,2,Cockatoo (Shazza),The Royal Show,royal_show,4,Perform a 30-second mime in which you are a TV chef presenting this exact Christmas meal to a live studio audience — the table. No words. React to their responses.,TRUE,30
TRS18-5,18,2,Cockatoo (Shazza),The Royal Show,royal_show,5,"Mime performing a magic trick — set it up, perform it, react to the result. The trick must go wrong. 15 seconds.",TRUE,15
TRS18-6,18,2,Cockatoo (Shazza),The Royal Show,royal_show,6,"Mime attempting to pick a pocket — from someone sitting across the table, without them noticing — very badly. 20 seconds. No words.",TRUE,20
TRS18-7,18,2,Cockatoo (Shazza),The Royal Show,royal_show,7,Mime that you have something hidden under the table — build the anticipation — then reveal it. React to the table's reaction. No words. 20 seconds.,TRUE,20
TRS18-8,18,2,Cockatoo (Shazza),The Royal Show,royal_show,8,"Perform a 30-second mime of a sideshow escape act — you are tied up, you escape, you take a bow. Must include a moment where it looks like you won't make it. No words, no sounds.",TRUE,30
TRS19-1,19,3,Quokka (Trev),The Royal Show,royal_show,1,"Mime pulling a Christmas cracker with someone who is pulling too hard. Mime the snap, the contents flying out, the paper crown. 15 seconds.",TRUE,15
TRS19-2,19,3,Quokka (Trev),The Royal Show,royal_show,2,"Mime assembling a piece of flat-pack furniture on Christmas morning — instructions in hand, confidence eroding progressively. 20 seconds. No words.",TRUE,20
TRS19-3,19,3,Quokka (Trev),The Royal Show,royal_show,3,"Mime being a Christmas turkey who has just realised what day it is. 20 seconds. No words, no sounds.",TRUE,20
TRS19-4,19,3,Quokka (Trev),The Royal Show,royal_show,4,"Mime a 30-second scene in which you are Santa Claus, stuck in a chimney, attempting to free yourself with dignity intact before the family wakes up. No words, no sounds.",TRUE,30
TRS19-5,19,3,Quokka (Trev),The Royal Show,royal_show,5,"Mime telling a story — with a beginning, middle, and end — entirely in gestures. 20 seconds. The story must have a twist.",TRUE,20
TRS19-6,19,3,Quokka (Trev),The Royal Show,royal_show,6,"Mime a person discovering they have superpowers for the first time — right here, at the Christmas table. 20 seconds. No words.",TRUE,20
TRS19-7,19,3,Quokka (Trev),The Royal Show,royal_show,7,"Mime a silent film — hero, villain, chase, resolution — in 25 seconds. Must involve at least one item from the table.",TRUE,25
TRS19-8,19,3,Quokka (Trev),The Royal Show,royal_show,8,"Perform a 35-second mime of a nature documentary moment — predator, prey, chase, outcome — at the Christmas table. You play all roles. No words, no sounds.",TRUE,35
TRS20-1,20,4,Magpie (Timbo),The Royal Show,royal_show,1,Mime the physical mannerisms of any player at the table — without using their name or pointing at them. 15 seconds.,TRUE,15
TRS20-2,20,4,Magpie (Timbo),The Royal Show,royal_show,2,Mime being a specific animal — not a human — attempting to sit at a Christmas dinner table and eat politely. 20 seconds.,TRUE,20
TRS20-3,20,4,Magpie (Timbo),The Royal Show,royal_show,3,Mime the walk of three different people — announce each one — in 20 seconds.,TRUE,20
TRS20-4,20,4,Magpie (Timbo),The Royal Show,royal_show,4,"Perform a 30-second physical transformation — mime changing from one animal into a completely different animal, mid-scene. The table must identify both animals without being told. No words, no sounds.",TRUE,30
TRS20-5,20,4,Magpie (Timbo),The Royal Show,royal_show,5,Player to your right mimes an action. You copy it — but bigger. Then bigger again. 15 seconds total.,TRUE,15
TRS20-6,20,4,Magpie (Timbo),The Royal Show,royal_show,6,Player to your left gives you a prop — any object on the table. Mime a 20-second act using only that prop.,TRUE,20
TRS20-7,20,4,Magpie (Timbo),The Royal Show,royal_show,7,The table nominates a volunteer. You mime directing that player through a task they cannot see you describing. 20 seconds. No words or sounds.,TRUE,20
TRS20-8,20,4,Magpie (Timbo),The Royal Show,royal_show,8,Each player mimes one movement — go around the table quickly. You must chain all movements into a 30-second continuous performance. No words.,TRUE,30
TRS21-1,21,5,Emu (Bev),The Royal Show,royal_show,1,Mime five different emotions in 15 seconds — player to your left calls them out one at a time.,TRUE,15
TRS21-2,21,5,Emu (Bev),The Royal Show,royal_show,2,Mime building something — anything — in 15 seconds. Table must identify it. No extra time.,TRUE,15
TRS21-3,21,5,Emu (Bev),The Royal Show,royal_show,3,"Perform a 20-second mime in which you change your entire physicality — age, size, mood — every five seconds. Four distinct states. No words.",TRUE,20
TRS21-4,21,5,Emu (Bev),The Royal Show,royal_show,4,"Perform a complete story — setup, conflict, resolution — in mime, in 20 seconds. No words, no sounds. Table must identify all three stages without being told.",TRUE,20
TRS21-5,21,5,Emu (Bev),The Royal Show,royal_show,5,Mime re-enacting the funniest moment of the game so far. 15 seconds.,TRUE,15
TRS21-6,21,5,Emu (Bev),The Royal Show,royal_show,6,Mime re-enacting the worst performance of the game so far — affectionately. 20 seconds. No words.,TRUE,20
TRS21-7,21,5,Emu (Bev),The Royal Show,royal_show,7,"Mime a highlight reel — three moments from the game, back to back, five seconds each. No words.",TRUE,15
TRS21-8,21,5,Emu (Bev),The Royal Show,royal_show,8,Mime a slow-motion replay of the most dramatic moment of the game — with commentary from the table calling out what they're seeing. 30 seconds. No words from you.,TRUE,30
TRS22-1,22,6,Galah (Kel),The Royal Show,royal_show,1,Pick up any object from the table. Mime using it for something it was not designed to do. 15 seconds.,TRUE,15
TRS22-2,22,6,Galah (Kel),The Royal Show,royal_show,2,Pick any object from the table. Mime it as a dangerous weapon — with appropriate caution and respect. 20 seconds. No words.,TRUE,20
TRS22-3,22,6,Galah (Kel),The Royal Show,royal_show,3,"Pick any object from the table. Perform a 20-second mime in which this object is alive and trying to escape. No words, no sounds.",TRUE,20
TRS22-4,22,6,Galah (Kel),The Royal Show,royal_show,4,"Pick any two objects from the table. Perform a 30-second mime in which they are in a relationship that has just ended. No words, no sounds.",TRUE,30
TRS22-5,22,6,Galah (Kel),The Royal Show,royal_show,5,Mime receiving the best news of your life — then immediately receiving the worst. Back to back. 15 seconds.,TRUE,15
TRS22-6,22,6,Galah (Kel),The Royal Show,royal_show,6,Mime a person trying to hold in an enormous laugh in a very serious situation. 20 seconds. No sounds.,TRUE,20
TRS22-7,22,6,Galah (Kel),The Royal Show,royal_show,7,"Mime falling in love — over 20 seconds — with an inanimate object on the table. Full arc: noticing, interest, devotion. No words, no sounds.",TRUE,20
TRS22-8,22,6,Galah (Kel),The Royal Show,royal_show,8,"Perform a 30-second mime in which you experience five emotions in sequence — called by the table — and each one must be readable within three seconds of the call. No words, no sounds.",TRUE,30
TRS23-1,23,7,Echidna (Simmo),The Royal Show,royal_show,1,"Mime attending a Bunnings sausage sizzle — queue, order, sauce decision, eating. 20 seconds.",TRUE,20
TRS23-2,23,7,Echidna (Simmo),The Royal Show,royal_show,2,Mime an Australian animal encountering a Christmas tree for the first time. 20 seconds. No words.,TRUE,20
TRS23-3,23,7,Echidna (Simmo),The Royal Show,royal_show,3,"Mime a cricket match — you play all roles: bowler, batter, fielder, and crowd — in 25 seconds. No words, no sounds.",TRUE,25
TRS23-4,23,7,Echidna (Simmo),The Royal Show,royal_show,4,"Mime a 30-second scene at a Royal Show: you are competing in an event, something goes wrong, the crowd reacts, and you recover. You play all roles. No words, no sounds.",TRUE,30
TRS23-5,23,7,Echidna (Simmo),The Royal Show,royal_show,5,You and the player to your left both mime the same object simultaneously — table names it. Table votes on who was clearer.,FALSE,
TRS23-6,23,7,Echidna (Simmo),The Royal Show,royal_show,6,You and the player to your right have 15 seconds each to mime the same emotion — table names it. Table votes on who committed more.,TRUE,15
TRS23-7,23,7,Echidna (Simmo),The Royal Show,royal_show,7,"Mirror challenge: you mime any action, the player to your left must mirror it simultaneously. Hold for 20 seconds. Table votes on synchronisation.",TRUE,20
TRS23-8,23,7,Echidna (Simmo),The Royal Show,royal_show,8,"You and the player across from you perform a 30-second mime scene together — no planning, no words. Establish a location, a conflict, a resolution. Table votes on who drove the scene.",TRUE,30
TRS24-1,24,8,Platypus (Val),The Royal Show,royal_show,1,"Mime being controlled by an invisible puppeteer for 15 seconds. Every movement is dictated by the player to your left, who calls it out.",TRUE,15
TRS24-2,24,8,Platypus (Val),The Royal Show,royal_show,2,"Mime in reverse — the table names an activity, you mime it backwards, from end to beginning. 20 seconds. No words.",TRUE,20
TRS24-3,24,8,Platypus (Val),The Royal Show,royal_show,3,"Perform a 20-second mime — but every five seconds, the player to your right calls a new location and you must instantly transport yourself there. No words.",TRUE,20
TRS24-4,24,8,Platypus (Val),The Royal Show,royal_show,4,"Perform a 30-second mime with your non-dominant hand only. Table names the activity. No words, no sounds.",TRUE,30
TRS24-5,24,8,Platypus (Val),The Royal Show,royal_show,5,Take a final bow — mime receiving a standing ovation from a sold-out arena. 15 seconds.,TRUE,15
TRS24-6,24,8,Platypus (Val),The Royal Show,royal_show,6,Mime a 20-second highlight reel of your own best performance of the night. You direct and star. No words.,TRUE,20
TRS24-7,24,8,Platypus (Val),The Royal Show,royal_show,7,"Mime accepting a lifetime achievement award at the Royal Show — trophy, tears, crowd, speech. No words. 25 seconds.",TRUE,25
TRS24-8,24,8,Platypus (Val),The Royal Show,royal_show,8,"Perform a 35-second mime of the entire game — setup, performances, conflict, winner — compressed. Every player must be represented. No words, no sounds.",TRUE,35
TSP25-1,25,1,Kookaburra (Nev),The School Play,school_play,1,"Deliver this line in the most dramatic accent you can manage — announce your accent first: ""I'm afraid the turkey is going to be at least another forty-five minutes.""",FALSE,
TSP25-2,25,1,Kookaburra (Nev),The School Play,school_play,2,"Perform a 20-second scene: you are a first-time actor who has just forgotten all their lines at the school play. Stay in character. Scene ends when you ""remember"" your line and deliver it.",TRUE,20
TSP25-3,25,1,Kookaburra (Nev),The School Play,school_play,3,"Player to your right gives you an emotion. Player to your left gives you a location. Deliver this line combining both — one attempt only: ""I can't believe it's come to this.""",FALSE,
TSP25-4,25,1,Kookaburra (Nev),The School Play,school_play,4,"Perform a 30-second scene: you are an extremely pretentious theatre director giving notes to the table after watching their ""performance."" Give specific feedback to at least two players by name.",TRUE,30
TSP25-5,25,1,Kookaburra (Nev),The School Play,school_play,5,"Deliver this line to the player to your left, in a dramatic accent of your choice: ""I always knew it would come to this between us.""",FALSE,
TSP25-6,25,1,Kookaburra (Nev),The School Play,school_play,6,Player to your right gives you one word. Deliver a 20-second dramatic monologue to the player to your left using that word as the theme. Stay in character throughout.,TRUE,20
TSP25-7,25,1,Kookaburra (Nev),The School Play,school_play,7,Perform a 20-second scene in which you are meeting the player to your right for the very first time — but you are absolutely certain you have met before. They may respond.,TRUE,20
TSP25-8,25,1,Kookaburra (Nev),The School Play,school_play,8,Perform a 40-second farewell speech to the player across from you — in character as a Shakespearean villain who has just lost everything. Name them at least twice.,TRUE,40
TSP26-1,26,2,Cockatoo (Shazza),The School Play,school_play,1,"Deliver this line to the whole table as if making a major announcement at a school assembly: ""I have something very important to tell you all."" Then pause. Then improvise the announcement.",FALSE,
TSP26-2,26,2,Cockatoo (Shazza),The School Play,school_play,2,"Perform a 20-second scene: you are the narrator of a nature documentary, and the table is the wildlife. Describe what you observe. At least two players must be mentioned.",TRUE,20
TSP26-3,26,2,Cockatoo (Shazza),The School Play,school_play,3,"Player to your left names an emotion. Deliver the following line to the whole table expressing that emotion completely: ""Right. Who's ready for dessert?"" One attempt only.",FALSE,
TSP26-4,26,2,Cockatoo (Shazza),The School Play,school_play,4,Perform a 40-second scene: you are a motivational speaker addressing the table at a corporate retreat. This Christmas dinner is the team-building exercise. At least three players must be addressed by name.,TRUE,40
TSP26-5,26,2,Cockatoo (Shazza),The School Play,school_play,5,"Deliver this line completely straight, as if it is the most normal thing in the world: ""I've been living under the table for three weeks and nobody noticed.""",FALSE,
TSP26-6,26,2,Cockatoo (Shazza),The School Play,school_play,6,Perform a 20-second scene: you are an actor in a play who knows they are in a play and keeps breaking the fourth wall — but the character doesn't.,TRUE,20
TSP26-7,26,2,Cockatoo (Shazza),The School Play,school_play,7,Deliver a 20-second confession — in a dramatic accent — for something minor that happened at this dinner tonight. Treat it as a major crime.,TRUE,20
TSP26-8,26,2,Cockatoo (Shazza),The School Play,school_play,8,Perform a 40-second scene: you are a stage magician's assistant who is tired of being sawn in half and has decided to make a stand. Mid-performance. In front of a packed house.,TRUE,40
TSP27-1,27,3,Quokka (Trev),The School Play,school_play,1,"Deliver this line in a strong Australian accent, as if it is the most devastating news you have ever received: ""They've sold out of prawns.""",FALSE,
TSP27-2,27,3,Quokka (Trev),The School Play,school_play,2,"Perform a 20-second scene: you are the Ghost of Christmas Present, and this dinner table is your evidence. Present your case.",TRUE,20
TSP27-3,27,3,Quokka (Trev),The School Play,school_play,3,Perform a 20-second scene: you are a very small child on Christmas morning who has just found out that Santa is not real. This is the scene.,TRUE,20
TSP27-4,27,3,Quokka (Trev),The School Play,school_play,4,Perform a 40-second dramatic reading of a Christmas cracker joke — as if it is Hamlet's soliloquy. Minimum two costume adjustments using items on the table.,TRUE,40
TSP27-5,27,3,Quokka (Trev),The School Play,school_play,5,"Deliver this line as the opening of a dramatic story — then improvise the next sentence: ""Nobody expected it to end like this.""",FALSE,
TSP27-6,27,3,Quokka (Trev),The School Play,school_play,6,Perform a 20-second scene: you are a character in a soap opera who has just discovered a terrible secret about someone at this table. You cannot say what it is.,TRUE,20
TSP27-7,27,3,Quokka (Trev),The School Play,school_play,7,"Player to your left gives you a genre (horror, romance, Western, etc.). Perform a 20-second scene from a film in that genre — set at this Christmas table.",TRUE,20
TSP27-8,27,3,Quokka (Trev),The School Play,school_play,8,Perform a 40-second dramatic monologue as the last surviving member of a civilisation explaining to future generations what Christmas dinner was. Treat it as sacred.,TRUE,40
TSP28-1,28,4,Magpie (Timbo),The School Play,school_play,1,"Deliver this line in the voice of someone much older than you: ""In my day, Christmas was very different.""",FALSE,
TSP28-2,28,4,Magpie (Timbo),The School Play,school_play,2,Perform a 20-second scene as any well-known Australian — in character — reacting to this Christmas dinner for the first time. Stay in character throughout.,TRUE,20
TSP28-3,28,4,Magpie (Timbo),The School Play,school_play,3,"Player to your right names a famous person. Perform a 20-second scene as that person, in their accent, discovering they've been given a Christmas cracker.",TRUE,20
TSP28-4,28,4,Magpie (Timbo),The School Play,school_play,4,"Perform a 40-second scene as two characters in rapid alternation — you play both, switching every few lines. Characters must be clearly distinct in voice, physicality, and attitude.",TRUE,40
TSP28-5,28,4,Magpie (Timbo),The School Play,school_play,5,"Player to your left gives you an emotion. Deliver this line with that emotion completely: ""Could someone pass the gravy?"" One attempt only.",FALSE,
TSP28-6,28,4,Magpie (Timbo),The School Play,school_play,6,Player to your right gives you an accent. Player to your left gives you an occupation. Perform a 20-second scene combining both.,TRUE,20
TSP28-7,28,4,Magpie (Timbo),The School Play,school_play,7,"The table gives you a setting, a character, and a line of dialogue. Perform a 20-second scene incorporating all three.",TRUE,20
TSP28-8,28,4,Magpie (Timbo),The School Play,school_play,8,"Each player gives you one instruction for how to perform — louder, slower, angrier, etc. Deliver this speech incorporating all instructions simultaneously: ""I would like to thank everyone for coming.""",FALSE,
TSP29-1,29,5,Emu (Bev),The School Play,school_play,1,"Deliver this line in three completely different accents, back to back, no pausing: ""Merry Christmas, everyone.""",FALSE,
TSP29-2,29,5,Emu (Bev),The School Play,school_play,2,Perform a 20-second scene speaking only in one-word sentences. Every sentence: one word. No exceptions.,TRUE,20
TSP29-3,29,5,Emu (Bev),The School Play,school_play,3,"Perform a 20-second dramatic monologue in which you must change emotion completely every five seconds. Four emotions, called by the table.",TRUE,20
TSP29-4,29,5,Emu (Bev),The School Play,school_play,4,"Perform a 30-second scene that begins in whispers and ends in full theatrical volume — linear escalation, no jumps. Scene content: your choice.",TRUE,30
TSP29-5,29,5,Emu (Bev),The School Play,school_play,5,"Deliver this line as a callback to the first thing anyone said in this game: ""And that, ladies and gentlemen, is where it all began.""",FALSE,
TSP29-6,29,5,Emu (Bev),The School Play,school_play,6,Perform a 20-second scene: you are a documentarian interviewing the table about the events of tonight's game. At least two players asked a question.,TRUE,20
TSP29-7,29,5,Emu (Bev),The School Play,school_play,7,"Perform a 20-second ""director's commentary"" on the best performance of the game so far — what worked, what didn't, what it meant. Stay in character as a pompous critic.",TRUE,20
TSP29-8,29,5,Emu (Bev),The School Play,school_play,8,Perform a 40-second dramatic courtroom scene in which you prosecute the player to your left for their worst performance tonight. Call one witness. Evidence must be specific.,TRUE,40
TSP30-1,30,6,Galah (Kel),The School Play,school_play,1,"Pick up any object from the table. Deliver this line to it, in character: ""I never thought it would come to this between us.""",FALSE,
TSP30-2,30,6,Galah (Kel),The School Play,school_play,2,"Choose any object from the table. Perform a 20-second scene in which this object is a character with feelings, and you must deliver bad news to it.",TRUE,20
TSP30-3,30,6,Galah (Kel),The School Play,school_play,3,Pick any object. It is a sacred artefact. Perform a 20-second scene in which you are an archaeologist discovering it for the first time.,TRUE,20
TSP30-4,30,6,Galah (Kel),The School Play,school_play,4,"Pick any two objects. Cast them as the leads in a 40-second dramatic scene — give each a name, a voice, and a conflict. Perform all roles.",TRUE,40
TSP30-5,30,6,Galah (Kel),The School Play,school_play,5,"Deliver this line with absolute fury: ""Would anyone like more potatoes?"" No smiling. No breaking.",FALSE,
TSP30-6,30,6,Galah (Kel),The School Play,school_play,6,"Perform a 20-second scene in which you are trying very hard to be calm — and failing. The subject: something minor, like a slightly uncomfortable chair.",TRUE,20
TSP30-7,30,6,Galah (Kel),The School Play,school_play,7,"Player to your right names two contradictory emotions. Deliver this line expressing both simultaneously: ""Well. Here we are.""",FALSE,
TSP30-8,30,6,Galah (Kel),The School Play,school_play,8,Perform a 40-second scene in which your character begins completely composed and ends in total emotional collapse — over something increasingly trivial. Show the full journey.,TRUE,40
TSP31-1,31,7,Echidna (Simmo),The School Play,school_play,1,"Deliver this line in a thick Australian accent, with full national pride: ""Yeah, look, it's not for everyone.""",FALSE,
TSP31-2,31,7,Echidna (Simmo),The School Play,school_play,2,Perform a 20-second scene: you are a tourist encountering an Australian animal for the first time. Animal of the table's choice.,TRUE,20
TSP31-3,31,7,Echidna (Simmo),The School Play,school_play,3,Perform a 20-second scene: you are a tour guide explaining this Christmas dinner to an international visitor as if it is a sacred Australian ritual.,TRUE,20
TSP31-4,31,7,Echidna (Simmo),The School Play,school_play,4,Perform a 40-second dramatic monologue as any figure from Australian history — real or legendary — addressing this table as if it represents the nation.,TRUE,40
TSP31-5,31,7,Echidna (Simmo),The School Play,school_play,5,"You and the player to your left both deliver the same line in different accents — table names the line. Table votes on who committed more. ""I had absolutely nothing to do with it.""",FALSE,
TSP31-6,31,7,Echidna (Simmo),The School Play,school_play,6,Perform a 20-second improvised scene with the player to your right. Table gives you: a location and a problem. No planning. Table votes on who stayed in character better.,TRUE,20
TSP31-7,31,7,Echidna (Simmo),The School Play,school_play,7,You and the player to your left both perform a 15-second dramatic reading of the same Christmas cracker joke. Table votes on the more committed performance.,TRUE,15
TSP31-8,31,7,Echidna (Simmo),The School Play,school_play,8,Perform a 40-second two-person scene with the player across from you. One of you is telling the truth. One is lying. Table must guess who is who. No planning.,TRUE,40
TSP32-1,32,8,Platypus (Val),The School Play,school_play,1,"Deliver this line — but speak every word in reverse order: ""I have no idea what you are talking about.""",FALSE,
TSP32-2,32,8,Platypus (Val),The School Play,school_play,2,"Perform a 20-second scene — but you may only use the words ""yes,"" ""no,"" ""but,"" and ""really."" No other words.",TRUE,20
TSP32-3,32,8,Platypus (Val),The School Play,school_play,3,"Perform a 20-second dramatic scene — but every time the player to your left claps once, you freeze. Every time they clap twice, you resume. Scene must still make sense at the end.",TRUE,20
TSP32-4,32,8,Platypus (Val),The School Play,school_play,4,"Perform a 40-second scene in which you play a character who is performing a character — two layers of performance, both distinct, neither breaking.",TRUE,40
TSP32-5,32,8,Platypus (Val),The School Play,school_play,5,Deliver the final line of the evening — whatever feels right — in the most dramatic accent you have. No prompt. Your words. Your moment.,FALSE,
TSP32-6,32,8,Platypus (Val),The School Play,school_play,6,Perform a 30-second curtain call speech — in character as your game Character — thanking the table for a magnificent performance. Stay in character throughout.,TRUE,30
TSP32-7,32,8,Platypus (Val),The School Play,school_play,7,"Perform a 30-second scene: you are the director of this evening, giving notes to the cast after the final performance. Specific feedback for at least three players.",TRUE,30
TSP32-8,32,8,Platypus (Val),The School Play,school_play,8,Perform a 60-second dramatic monologue as your game Character reflecting on what they have learned tonight. Must reference two real moments from the game. Must end with a line the table will remember.,TRUE,60
